Actual_Label,Predicted_Label,Actual_Class,Predicted_Class,Prob_Healthy,Prob_Condenser Fouling,Prob_Refrigerant Leak,Prob_Excess Oil
3,3,Excess Oil,Excess Oil,0.0,0.0,0.0,1.0
0,0,Healthy,Healthy,0.67,0.01,0.145,0.175
2,2,Refrigerant Leak,Refrigerant Leak,0.195,0.005,0.77,0.03
0,0,Healthy,Healthy,0.865,0.135,0.0,0.0
1,1,Condenser Fouling,Condenser Fouling,0.02,0.98,0.0,0.0
3,3,Excess Oil,Excess Oil,0.0,0.0,0.0,1.0
0,0,Healthy,Healthy,0.61,0.015,0.255,0.12
0,0,Healthy,Healthy,0.83,0.17,0.0,0.0
0,2,Healthy,Refrigerant Leak,0.225,0.0,0.735,0.04
2,2,Refrigerant Leak,Refrigerant Leak,0.1,0.0,0.89,0.01
1,1,Condenser Fouling,Condenser Fouling,0.03,0.97,0.0,0.0
1,1,Condenser Fouling,Condenser Fouling,0.005,0.995,0.0,0.0
1,1,Condenser Fouling,Condenser Fouling,0.005,0.995,0.0,0.0
0,0,Healthy,Healthy,0.775,0.22,0.005,0.0
3,3,Excess Oil,Excess Oil,0.0,0.0,0.0,1.0
2,2,Refrigerant Leak,Refrigerant Leak,0.025,0.0,0.975,0.0
2,2,Refrigerant Leak,Refrigerant Leak,0.21,0.0,0.685,0.105
3,3,Excess Oil,Excess Oil,0.0,0.0,0.005,0.995
1,1,Condenser Fouling,Condenser Fouling,0.005,0.995,0.0,0.0
0,0,Healthy,Healthy,0.915,0.0,0.045,0.04
0,0,Healthy,Healthy,0.93,0.025,0.045,0.0
2,2,Refrigerant Leak,Refrigerant Leak,0.01,0.005,0.965,0.02
1,1,Condenser Fouling,Condenser Fouling,0.095,0.9,0.005,0.0
2,2,Refrigerant Leak,Refrigerant Leak,0.02,0.0,0.98,0.0
0,0,Healthy,Healthy,0.895,0.01,0.075,0.02
3,3,Excess Oil,Excess Oil,0.0,0.0,0.0,1.0
1,1,Condenser Fouling,Condenser Fouling,0.06,0.915,0.005,0.02
3,3,Excess Oil,Excess Oil,0.0,0.0,0.0,1.0
0,0,Healthy,Healthy,0.705,0.0,0.24,0.055
2,2,Refrigerant Leak,Refrigerant Leak,0.06,0.0,0.93,0.01
1,1,Condenser Fouling,Condenser Fouling,0.01,0.99,0.0,0.0
1,1,Condenser Fouling,Condenser Fouling,0.03,0.97,0.0,0.0
0,2,Healthy,Refrigerant Leak,0.28,0.17,0.48,0.07
2,2,Refrigerant Leak,Refrigerant Leak,0.04,0.025,0.935,0.0
2,2,Refrigerant Leak,Refrigerant Leak,0.0,0.0,1.0,0.0
0,0,Healthy,Healthy,0.875,0.0,0.095,0.03
1,1,Condenser Fouling,Condenser Fouling,0.45,0.535,0.005,0.01
3,3,Excess Oil,Excess Oil,0.095,0.0,0.07,0.835
2,2,Refrigerant Leak,Refrigerant Leak,0.0,0.0,0.995,0.005
1,1,Condenser Fouling,Condenser Fouling,0.0,1.0,0.0,0.0
0,0,Healthy,Healthy,0.745,0.0,0.065,0.19
3,3,Excess Oil,Excess Oil,0.0,0.0,0.005,0.995
2,2,Refrigerant Leak,Refrigerant Leak,0.025,0.0,0.975,0.0
2,2,Refrigerant Leak,Refrigerant Leak,0.005,0.0,0.995,0.0
3,3,Excess Oil,Excess Oil,0.01,0.0,0.015,0.975
2,2,Refrigerant Leak,Refrigerant Leak,0.12,0.0,0.87,0.01
3,3,Excess Oil,Excess Oil,0.0,0.0,0.0,1.0
1,1,Condenser Fouling,Condenser Fouling,0.0,1.0,0.0,0.0
2,2,Refrigerant Leak,Refrigerant Leak,0.065,0.0,0.935,0.0
2,2,Refrigerant Leak,Refrigerant Leak,0.09,0.0,0.91,0.0
1,1,Condenser Fouling,Condenser Fouling,0.035,0.965,0.0,0.0
3,3,Excess Oil,Excess Oil,0.0,0.0,0.0,1.0
3,3,Excess Oil,Excess Oil,0.0,0.0,0.0,1.0
3,3,Excess Oil,Excess Oil,0.005,0.005,0.005,0.985
3,3,Excess Oil,Excess Oil,0.005,0.0,0.0,0.995
0,2,Healthy,Refrigerant Leak,0.41,0.0,0.46,0.13
3,3,Excess Oil,Excess Oil,0.0,0.0,0.0,1.0
0,0,Healthy,Healthy,0.93,0.07,0.0,0.0
0,0,Healthy,Healthy,0.7,0.005,0.255,0.04
2,2,Refrigerant Leak,Refrigerant Leak,0.01,0.0,0.99,0.0
2,2,Refrigerant Leak,Refrigerant Leak,0.02,0.0,0.98,0.0
1,1,Condenser Fouling,Condenser Fouling,0.035,0.965,0.0,0.0
1,0,Condenser Fouling,Healthy,0.52,0.48,0.0,0.0
2,2,Refrigerant Leak,Refrigerant Leak,0.0,0.0,1.0,0.0
1,1,Condenser Fouling,Condenser Fouling,0.02,0.98,0.0,0.0
1,1,Condenser Fouling,Condenser Fouling,0.105,0.89,0.0,0.005
3,3,Excess Oil,Excess Oil,0.01,0.0,0.005,0.985
2,2,Refrigerant Leak,Refrigerant Leak,0.19,0.0,0.76,0.05
3,3,Excess Oil,Excess Oil,0.0,0.0,0.0,1.0
3,3,Excess Oil,Excess Oil,0.0,0.0,0.0,1.0
1,1,Condenser Fouling,Condenser Fouling,0.045,0.955,0.0,0.0
0,0,Healthy,Healthy,0.53,0.445,0.01,0.015
0,0,Healthy,Healthy,0.93,0.0,0.035,0.035
0,0,Healthy,Healthy,0.93,0.02,0.05,0.0
3,3,Excess Oil,Excess Oil,0.0,0.0,0.0,1.0
1,1,Condenser Fouling,Condenser Fouling,0.02,0.98,0.0,0.0
3,3,Excess Oil,Excess Oil,0.0,0.0,0.0,1.0
2,2,Refrigerant Leak,Refrigerant Leak,0.07,0.01,0.91,0.01
1,1,Condenser Fouling,Condenser Fouling,0.0,1.0,0.0,0.0
1,1,Condenser Fouling,Condenser Fouling,0.07,0.925,0.005,0.0
2,2,Refrigerant Leak,Refrigerant Leak,0.0,0.0,0.985,0.015
2,2,Refrigerant Leak,Refrigerant Leak,0.18,0.005,0.78,0.035
3,3,Excess Oil,Excess Oil,0.325,0.0,0.17,0.505
3,3,Excess Oil,Excess Oil,0.0,0.0,0.005,0.995
1,1,Condenser Fouling,Condenser Fouling,0.015,0.985,0.0,0.0
0,0,Healthy,Healthy,0.92,0.08,0.0,0.0
1,1,Condenser Fouling,Condenser Fouling,0.1,0.895,0.005,0.0
0,2,Healthy,Refrigerant Leak,0.45,0.01,0.465,0.075
0,0,Healthy,Healthy,0.455,0.005,0.315,0.225
2,2,Refrigerant Leak,Refrigerant Leak,0.09,0.0,0.89,0.02
0,0,Healthy,Healthy,0.875,0.0,0.1,0.025
0,0,Healthy,Healthy,0.64,0.05,0.15,0.16
3,3,Excess Oil,Excess Oil,0.055,0.0,0.045,0.9
1,1,Condenser Fouling,Condenser Fouling,0.01,0.99,0.0,0.0
3,3,Excess Oil,Excess Oil,0.005,0.0,0.005,0.99
2,2,Refrigerant Leak,Refrigerant Leak,0.035,0.005,0.955,0.005
2,2,Refrigerant Leak,Refrigerant Leak,0.075,0.0,0.895,0.03
1,1,Condenser Fouling,Condenser Fouling,0.305,0.69,0.005,0.0
1,1,Condenser Fouling,Condenser Fouling,0.01,0.99,0.0,0.0
1,1,Condenser Fouling,Condenser Fouling,0.03,0.97,0.0,0.0
1,1,Condenser Fouling,Condenser Fouling,0.02,0.98,0.0,0.0
3,3,Excess Oil,Excess Oil,0.005,0.0,0.0,0.995
0,0,Healthy,Healthy,0.9,0.0,0.075,0.025
2,2,Refrigerant Leak,Refrigerant Leak,0.005,0.0,0.995,0.0
1,1,Condenser Fouling,Condenser Fouling,0.03,0.97,0.0,0.0
0,0,Healthy,Healthy,0.905,0.0,0.08,0.015
1,1,Condenser Fouling,Condenser Fouling,0.19,0.805,0.005,0.0
1,1,Condenser Fouling,Condenser Fouling,0.215,0.75,0.03,0.005
3,3,Excess Oil,Excess Oil,0.0,0.0,0.0,1.0
2,2,Refrigerant Leak,Refrigerant Leak,0.245,0.005,0.715,0.035
1,1,Condenser Fouling,Condenser Fouling,0.04,0.96,0.0,0.0
2,2,Refrigerant Leak,Refrigerant Leak,0.02,0.0,0.975,0.005
3,3,Excess Oil,Excess Oil,0.0,0.0,0.0,1.0
3,3,Excess Oil,Excess Oil,0.115,0.0,0.085,0.8
0,0,Healthy,Healthy,0.895,0.01,0.05,0.045
0,2,Healthy,Refrigerant Leak,0.25,0.0,0.73,0.02
1,1,Condenser Fouling,Condenser Fouling,0.0,1.0,0.0,0.0
1,1,Condenser Fouling,Condenser Fouling,0.005,0.995,0.0,0.0
2,2,Refrigerant Leak,Refrigerant Leak,0.055,0.0,0.94,0.005
0,0,Healthy,Healthy,0.92,0.025,0.035,0.02
0,0,Healthy,Healthy,0.63,0.37,0.0,0.0
3,3,Excess Oil,Excess Oil,0.0,0.0,0.0,1.0
3,3,Excess Oil,Excess Oil,0.045,0.0,0.115,0.84
0,0,Healthy,Healthy,0.915,0.085,0.0,0.0
1,1,Condenser Fouling,Condenser Fouling,0.02,0.98,0.0,0.0
0,1,Healthy,Condenser Fouling,0.49,0.51,0.0,0.0
0,0,Healthy,Healthy,0.945,0.0,0.02,0.035
2,2,Refrigerant Leak,Refrigerant Leak,0.05,0.0,0.95,0.0
2,2,Refrigerant Leak,Refrigerant Leak,0.005,0.0,0.995,0.0
1,1,Condenser Fouling,Condenser Fouling,0.07,0.93,0.0,0.0
1,1,Condenser Fouling,Condenser Fouling,0.045,0.955,0.0,0.0
1,1,Condenser Fouling,Condenser Fouling,0.205,0.635,0.11,0.05
3,3,Excess Oil,Excess Oil,0.09,0.005,0.07,0.835
3,3,Excess Oil,Excess Oil,0.185,0.0,0.035,0.78
2,2,Refrigerant Leak,Refrigerant Leak,0.055,0.0,0.945,0.0
0,0,Healthy,Healthy,0.94,0.055,0.005,0.0
1,1,Condenser Fouling,Condenser Fouling,0.03,0.97,0.0,0.0
0,0,Healthy,Healthy,0.935,0.0,0.055,0.01
1,1,Condenser Fouling,Condenser Fouling,0.095,0.905,0.0,0.0
3,3,Excess Oil,Excess Oil,0.0,0.0,0.0,1.0
2,2,Refrigerant Leak,Refrigerant Leak,0.05,0.0,0.95,0.0
1,1,Condenser Fouling,Condenser Fouling,0.0,1.0,0.0,0.0
1,1,Condenser Fouling,Condenser Fouling,0.095,0.8,0.035,0.07
3,3,Excess Oil,Excess Oil,0.02,0.0,0.04,0.94
0,0,Healthy,Healthy,0.905,0.005,0.07,0.02
2,2,Refrigerant Leak,Refrigerant Leak,0.055,0.0,0.92,0.025
2,2,Refrigerant Leak,Refrigerant Leak,0.02,0.0,0.975,0.005
3,3,Excess Oil,Excess Oil,0.075,0.0,0.01,0.915
0,0,Healthy,Healthy,0.73,0.27,0.0,0.0
1,1,Condenser Fouling,Condenser Fouling,0.03,0.97,0.0,0.0
2,2,Refrigerant Leak,Refrigerant Leak,0.13,0.0,0.84,0.03
0,0,Healthy,Healthy,0.865,0.135,0.0,0.0
2,2,Refrigerant Leak,Refrigerant Leak,0.0,0.0,1.0,0.0
2,2,Refrigerant Leak,Refrigerant Leak,0.0,0.0,1.0,0.0
3,3,Excess Oil,Excess Oil,0.0,0.0,0.0,1.0
1,1,Condenser Fouling,Condenser Fouling,0.01,0.99,0.0,0.0
1,1,Condenser Fouling,Condenser Fouling,0.385,0.615,0.0,0.0
1,1,Condenser Fouling,Condenser Fouling,0.06,0.94,0.0,0.0
2,2,Refrigerant Leak,Refrigerant Leak,0.02,0.0,0.98,0.0
3,3,Excess Oil,Excess Oil,0.005,0.0,0.0,0.995
3,3,Excess Oil,Excess Oil,0.0,0.0,0.005,0.995
1,1,Condenser Fouling,Condenser Fouling,0.035,0.965,0.0,0.0
0,0,Healthy,Healthy,0.935,0.0,0.065,0.0
0,0,Healthy,Healthy,0.655,0.0,0.125,0.22
2,2,Refrigerant Leak,Refrigerant Leak,0.005,0.0,0.99,0.005
2,2,Refrigerant Leak,Refrigerant Leak,0.36,0.0,0.505,0.135
0,0,Healthy,Healthy,0.68,0.0,0.11,0.21
0,1,Healthy,Condenser Fouling,0.42,0.575,0.005,0.0
0,2,Healthy,Refrigerant Leak,0.395,0.0,0.52,0.085
2,2,Refrigerant Leak,Refrigerant Leak,0.015,0.0,0.98,0.005
0,0,Healthy,Healthy,0.92,0.08,0.0,0.0
1,1,Condenser Fouling,Condenser Fouling,0.135,0.865,0.0,0.0
1,1,Condenser Fouling,Condenser Fouling,0.005,0.995,0.0,0.0
2,2,Refrigerant Leak,Refrigerant Leak,0.32,0.0,0.64,0.04
2,2,Refrigerant Leak,Refrigerant Leak,0.015,0.0,0.98,0.005
0,0,Healthy,Healthy,0.72,0.27,0.005,0.005
2,2,Refrigerant Leak,Refrigerant Leak,0.045,0.0,0.955,0.0
3,3,Excess Oil,Excess Oil,0.04,0.0,0.05,0.91
2,2,Refrigerant Leak,Refrigerant Leak,0.105,0.005,0.885,0.005
3,3,Excess Oil,Excess Oil,0.0,0.0,0.0,1.0
2,2,Refrigerant Leak,Refrigerant Leak,0.03,0.0,0.97,0.0
0,0,Healthy,Healthy,0.51,0.0,0.475,0.015
1,1,Condenser Fouling,Condenser Fouling,0.0,1.0,0.0,0.0
0,1,Healthy,Condenser Fouling,0.185,0.815,0.0,0.0
2,2,Refrigerant Leak,Refrigerant Leak,0.04,0.0,0.96,0.0
2,2,Refrigerant Leak,Refrigerant Leak,0.215,0.0,0.755,0.03
0,0,Healthy,Healthy,0.785,0.215,0.0,0.0
1,1,Condenser Fouling,Condenser Fouling,0.04,0.955,0.005,0.0
0,0,Healthy,Healthy,0.43,0.145,0.285,0.14
3,3,Excess Oil,Excess Oil,0.0,0.0,0.0,1.0
0,0,Healthy,Healthy,0.935,0.0,0.025,0.04
0,0,Healthy,Healthy,0.925,0.07,0.005,0.0
1,1,Condenser Fouling,Condenser Fouling,0.005,0.995,0.0,0.0
1,1,Condenser Fouling,Condenser Fouling,0.145,0.855,0.0,0.0
2,2,Refrigerant Leak,Refrigerant Leak,0.08,0.0,0.895,0.025
2,2,Refrigerant Leak,Refrigerant Leak,0.01,0.0,0.99,0.0
1,1,Condenser Fouling,Condenser Fouling,0.035,0.965,0.0,0.0
3,3,Excess Oil,Excess Oil,0.115,0.0,0.06,0.825
2,2,Refrigerant Leak,Refrigerant Leak,0.02,0.0,0.975,0.005
3,3,Excess Oil,Excess Oil,0.005,0.0,0.0,0.995
1,1,Condenser Fouling,Condenser Fouling,0.205,0.795,0.0,0.0
2,2,Refrigerant Leak,Refrigerant Leak,0.01,0.0,0.98,0.01
2,2,Refrigerant Leak,Refrigerant Leak,0.04,0.0,0.95,0.01
0,2,Healthy,Refrigerant Leak,0.26,0.0,0.715,0.025
0,0,Healthy,Healthy,0.555,0.065,0.155,0.225
3,3,Excess Oil,Excess Oil,0.0,0.0,0.0,1.0
2,2,Refrigerant Leak,Refrigerant Leak,0.11,0.0,0.875,0.015
3,3,Excess Oil,Excess Oil,0.15,0.0,0.065,0.785
3,3,Excess Oil,Excess Oil,0.0,0.0,0.0,1.0
0,0,Healthy,Healthy,0.855,0.135,0.01,0.0
3,3,Excess Oil,Excess Oil,0.0,0.0,0.0,1.0
3,3,Excess Oil,Excess Oil,0.08,0.0,0.045,0.875
2,2,Refrigerant Leak,Refrigerant Leak,0.1,0.0,0.87,0.03
2,2,Refrigerant Leak,Refrigerant Leak,0.325,0.0,0.645,0.03
3,3,Excess Oil,Excess Oil,0.075,0.0,0.04,0.885
2,2,Refrigerant Leak,Refrigerant Leak,0.05,0.0,0.945,0.005
3,3,Excess Oil,Excess Oil,0.005,0.005,0.005,0.985
3,3,Excess Oil,Excess Oil,0.145,0.0,0.035,0.82
1,1,Condenser Fouling,Condenser Fouling,0.1,0.895,0.005,0.0
0,0,Healthy,Healthy,0.87,0.0,0.105,0.025
0,0,Healthy,Healthy,0.915,0.01,0.07,0.005
0,0,Healthy,Healthy,0.975,0.0,0.015,0.01
1,1,Condenser Fouling,Condenser Fouling,0.015,0.985,0.0,0.0
2,2,Refrigerant Leak,Refrigerant Leak,0.415,0.005,0.47,0.11
3,3,Excess Oil,Excess Oil,0.0,0.0,0.0,1.0
1,1,Condenser Fouling,Condenser Fouling,0.03,0.97,0.0,0.0
1,1,Condenser Fouling,Condenser Fouling,0.02,0.98,0.0,0.0
1,1,Condenser Fouling,Condenser Fouling,0.085,0.91,0.005,0.0
1,1,Condenser Fouling,Condenser Fouling,0.325,0.675,0.0,0.0
0,0,Healthy,Healthy,0.915,0.085,0.0,0.0
3,3,Excess Oil,Excess Oil,0.125,0.0,0.09,0.785
0,0,Healthy,Healthy,0.975,0.01,0.005,0.01
2,2,Refrigerant Leak,Refrigerant Leak,0.03,0.0,0.95,0.02
3,3,Excess Oil,Excess Oil,0.0,0.0,0.005,0.995
3,3,Excess Oil,Excess Oil,0.0,0.0,0.0,1.0
1,1,Condenser Fouling,Condenser Fouling,0.015,0.985,0.0,0.0
1,1,Condenser Fouling,Condenser Fouling,0.11,0.89,0.0,0.0
2,2,Refrigerant Leak,Refrigerant Leak,0.025,0.0,0.97,0.005
0,0,Healthy,Healthy,0.865,0.0,0.11,0.025
3,3,Excess Oil,Excess Oil,0.005,0.0,0.01,0.985
3,3,Excess Oil,Excess Oil,0.0,0.0,0.0,1.0
1,1,Condenser Fouling,Condenser Fouling,0.14,0.86,0.0,0.0
0,0,Healthy,Healthy,0.595,0.405,0.0,0.0
0,0,Healthy,Healthy,0.915,0.005,0.065,0.015
3,3,Excess Oil,Excess Oil,0.005,0.0,0.005,0.99
3,3,Excess Oil,Excess Oil,0.025,0.0,0.0,0.975
2,2,Refrigerant Leak,Refrigerant Leak,0.05,0.0,0.945,0.005
2,2,Refrigerant Leak,Refrigerant Leak,0.0,0.0,0.995,0.005
0,0,Healthy,Healthy,0.865,0.0,0.03,0.105
3,3,Excess Oil,Excess Oil,0.0,0.0,0.0,1.0
3,3,Excess Oil,Excess Oil,0.0,0.0,0.0,1.0
3,3,Excess Oil,Excess Oil,0.015,0.0,0.07,0.915
3,3,Excess Oil,Excess Oil,0.19,0.0,0.1,0.71
2,2,Refrigerant Leak,Refrigerant Leak,0.025,0.0,0.96,0.015
3,3,Excess Oil,Excess Oil,0.0,0.0,0.0,1.0
0,0,Healthy,Healthy,0.765,0.0,0.135,0.1
0,0,Healthy,Healthy,0.985,0.005,0.01,0.0
3,3,Excess Oil,Excess Oil,0.03,0.0,0.02,0.95
0,0,Healthy,Healthy,0.745,0.255,0.0,0.0
2,2,Refrigerant Leak,Refrigerant Leak,0.065,0.0,0.905,0.03
0,0,Healthy,Healthy,0.895,0.0,0.05,0.055
3,3,Excess Oil,Excess Oil,0.0,0.0,0.0,1.0
1,1,Condenser Fouling,Condenser Fouling,0.08,0.92,0.0,0.0
3,3,Excess Oil,Excess Oil,0.025,0.0,0.005,0.97
3,3,Excess Oil,Excess Oil,0.0,0.0,0.0,1.0
2,2,Refrigerant Leak,Refrigerant Leak,0.225,0.0,0.725,0.05
0,1,Healthy,Condenser Fouling,0.445,0.555,0.0,0.0
1,1,Condenser Fouling,Condenser Fouling,0.03,0.97,0.0,0.0
3,3,Excess Oil,Excess Oil,0.015,0.0,0.03,0.955
3,3,Excess Oil,Excess Oil,0.005,0.0,0.0,0.995
1,1,Condenser Fouling,Condenser Fouling,0.005,0.995,0.0,0.0
0,0,Healthy,Healthy,0.905,0.005,0.08,0.01
1,1,Condenser Fouling,Condenser Fouling,0.01,0.99,0.0,0.0
3,3,Excess Oil,Excess Oil,0.0,0.0,0.0,1.0
2,2,Refrigerant Leak,Refrigerant Leak,0.095,0.0,0.88,0.025
3,3,Excess Oil,Excess Oil,0.0,0.0,0.0,1.0
2,2,Refrigerant Leak,Refrigerant Leak,0.095,0.005,0.89,0.01
0,0,Healthy,Healthy,0.45,0.0,0.345,0.205
2,2,Refrigerant Leak,Refrigerant Leak,0.07,0.0,0.86,0.07
1,1,Condenser Fouling,Condenser Fouling,0.07,0.925,0.005,0.0
1,1,Condenser Fouling,Condenser Fouling,0.045,0.955,0.0,0.0
0,0,Healthy,Healthy,0.92,0.0,0.06,0.02
3,0,Excess Oil,Healthy,0.535,0.055,0.2,0.21
0,0,Healthy,Healthy,0.515,0.48,0.005,0.0
2,2,Refrigerant Leak,Refrigerant Leak,0.05,0.005,0.935,0.01
1,1,Condenser Fouling,Condenser Fouling,0.175,0.82,0.0,0.005
2,2,Refrigerant Leak,Refrigerant Leak,0.03,0.0,0.95,0.02
3,3,Excess Oil,Excess Oil,0.005,0.0,0.005,0.99
1,1,Condenser Fouling,Condenser Fouling,0.035,0.965,0.0,0.0
0,0,Healthy,Healthy,0.85,0.015,0.12,0.015
2,2,Refrigerant Leak,Refrigerant Leak,0.065,0.025,0.895,0.015
2,2,Refrigerant Leak,Refrigerant Leak,0.04,0.0,0.95,0.01
0,0,Healthy,Healthy,0.625,0.355,0.015,0.005
1,1,Condenser Fouling,Condenser Fouling,0.12,0.88,0.0,0.0
0,0,Healthy,Healthy,0.815,0.0,0.09,0.095
1,1,Condenser Fouling,Condenser Fouling,0.29,0.71,0.0,0.0
0,0,Healthy,Healthy,0.95,0.03,0.02,0.0
2,2,Refrigerant Leak,Refrigerant Leak,0.105,0.005,0.84,0.05
1,1,Condenser Fouling,Condenser Fouling,0.005,0.995,0.0,0.0
2,2,Refrigerant Leak,Refrigerant Leak,0.02,0.0,0.97,0.01
2,2,Refrigerant Leak,Refrigerant Leak,0.005,0.0,0.99,0.005
1,1,Condenser Fouling,Condenser Fouling,0.065,0.935,0.0,0.0
3,3,Excess Oil,Excess Oil,0.005,0.0,0.0,0.995
1,1,Condenser Fouling,Condenser Fouling,0.02,0.98,0.0,0.0
1,1,Condenser Fouling,Condenser Fouling,0.005,0.995,0.0,0.0
3,3,Excess Oil,Excess Oil,0.0,0.0,0.0,1.0
3,3,Excess Oil,Excess Oil,0.005,0.0,0.005,0.99
3,3,Excess Oil,Excess Oil,0.0,0.0,0.0,1.0
2,2,Refrigerant Leak,Refrigerant Leak,0.03,0.0,0.95,0.02
3,3,Excess Oil,Excess Oil,0.0,0.0,0.0,1.0
0,0,Healthy,Healthy,0.925,0.0,0.015,0.06
3,3,Excess Oil,Excess Oil,0.0,0.0,0.0,1.0
3,3,Excess Oil,Excess Oil,0.0,0.0,0.0,1.0
3,3,Excess Oil,Excess Oil,0.005,0.0,0.005,0.99
0,0,Healthy,Healthy,0.935,0.025,0.025,0.015
2,2,Refrigerant Leak,Refrigerant Leak,0.065,0.0,0.92,0.015
0,1,Healthy,Condenser Fouling,0.445,0.55,0.0,0.005
1,1,Condenser Fouling,Condenser Fouling,0.33,0.67,0.0,0.0
1,1,Condenser Fouling,Condenser Fouling,0.015,0.985,0.0,0.0
1,1,Condenser Fouling,Condenser Fouling,0.05,0.95,0.0,0.0
0,0,Healthy,Healthy,0.645,0.0,0.265,0.09
3,3,Excess Oil,Excess Oil,0.07,0.0,0.02,0.91
2,2,Refrigerant Leak,Refrigerant Leak,0.245,0.0,0.735,0.02
1,1,Condenser Fouling,Condenser Fouling,0.275,0.72,0.005,0.0
3,3,Excess Oil,Excess Oil,0.0,0.0,0.0,1.0
0,0,Healthy,Healthy,0.67,0.33,0.0,0.0
1,1,Condenser Fouling,Condenser Fouling,0.005,0.995,0.0,0.0
0,0,Healthy,Healthy,0.665,0.0,0.175,0.16
0,0,Healthy,Healthy,0.64,0.36,0.0,0.0
1,1,Condenser Fouling,Condenser Fouling,0.015,0.985,0.0,0.0
1,1,Condenser Fouling,Condenser Fouling,0.01,0.99,0.0,0.0
2,2,Refrigerant Leak,Refrigerant Leak,0.01,0.0,0.985,0.005
3,3,Excess Oil,Excess Oil,0.0,0.0,0.0,1.0
0,1,Healthy,Condenser Fouling,0.42,0.565,0.015,0.0
3,3,Excess Oil,Excess Oil,0.01,0.0,0.01,0.98
1,1,Condenser Fouling,Condenser Fouling,0.035,0.965,0.0,0.0
2,2,Refrigerant Leak,Refrigerant Leak,0.125,0.005,0.865,0.005
1,1,Condenser Fouling,Condenser Fouling,0.235,0.665,0.06,0.04
1,1,Condenser Fouling,Condenser Fouling,0.03,0.97,0.0,0.0
3,3,Excess Oil,Excess Oil,0.025,0.0,0.05,0.925
3,3,Excess Oil,Excess Oil,0.0,0.0,0.0,1.0
0,0,Healthy,Healthy,0.575,0.005,0.3,0.12
0,0,Healthy,Healthy,0.93,0.0,0.05,0.02
0,0,Healthy,Healthy,0.845,0.155,0.0,0.0
2,2,Refrigerant Leak,Refrigerant Leak,0.295,0.0,0.66,0.045
2,2,Refrigerant Leak,Refrigerant Leak,0.01,0.0,0.985,0.005
2,2,Refrigerant Leak,Refrigerant Leak,0.07,0.0,0.93,0.0
1,1,Condenser Fouling,Condenser Fouling,0.135,0.865,0.0,0.0
2,2,Refrigerant Leak,Refrigerant Leak,0.01,0.0,0.99,0.0
0,0,Healthy,Healthy,0.95,0.035,0.01,0.005
2,2,Refrigerant Leak,Refrigerant Leak,0.03,0.0,0.97,0.0
3,3,Excess Oil,Excess Oil,0.0,0.0,0.0,1.0
1,1,Condenser Fouling,Condenser Fouling,0.05,0.95,0.0,0.0
3,3,Excess Oil,Excess Oil,0.0,0.0,0.0,1.0
0,0,Healthy,Healthy,0.92,0.0,0.045,0.035
3,3,Excess Oil,Excess Oil,0.01,0.0,0.07,0.92
1,1,Condenser Fouling,Condenser Fouling,0.1,0.9,0.0,0.0
2,2,Refrigerant Leak,Refrigerant Leak,0.1,0.0,0.845,0.055
0,0,Healthy,Healthy,0.805,0.125,0.045,0.025
0,2,Healthy,Refrigerant Leak,0.36,0.0,0.49,0.15
0,0,Healthy,Healthy,0.965,0.0,0.035,0.0
3,3,Excess Oil,Excess Oil,0.105,0.0,0.085,0.81
2,2,Refrigerant Leak,Refrigerant Leak,0.025,0.0,0.97,0.005
2,2,Refrigerant Leak,Refrigerant Leak,0.02,0.0,0.98,0.0
2,2,Refrigerant Leak,Refrigerant Leak,0.0,0.0,1.0,0.0
2,2,Refrigerant Leak,Refrigerant Leak,0.01,0.0,0.98,0.01
0,0,Healthy,Healthy,0.945,0.04,0.005,0.01
2,2,Refrigerant Leak,Refrigerant Leak,0.025,0.0,0.97,0.005
3,3,Excess Oil,Excess Oil,0.005,0.0,0.02,0.975
2,2,Refrigerant Leak,Refrigerant Leak,0.075,0.0,0.92,0.005
2,2,Refrigerant Leak,Refrigerant Leak,0.025,0.0,0.97,0.005
1,1,Condenser Fouling,Condenser Fouling,0.01,0.99,0.0,0.0
3,3,Excess Oil,Excess Oil,0.005,0.0,0.015,0.98
0,0,Healthy,Healthy,0.94,0.06,0.0,0.0
3,3,Excess Oil,Excess Oil,0.0,0.0,0.0,1.0
2,2,Refrigerant Leak,Refrigerant Leak,0.03,0.0,0.965,0.005
3,3,Excess Oil,Excess Oil,0.135,0.0,0.065,0.8
2,2,Refrigerant Leak,Refrigerant Leak,0.015,0.0,0.98,0.005
1,1,Condenser Fouling,Condenser Fouling,0.195,0.805,0.0,0.0
2,2,Refrigerant Leak,Refrigerant Leak,0.19,0.0,0.795,0.015
1,1,Condenser Fouling,Condenser Fouling,0.0,1.0,0.0,0.0
2,2,Refrigerant Leak,Refrigerant Leak,0.115,0.0,0.87,0.015
0,0,Healthy,Healthy,0.585,0.0,0.415,0.0
1,1,Condenser Fouling,Condenser Fouling,0.125,0.875,0.0,0.0
2,2,Refrigerant Leak,Refrigerant Leak,0.01,0.0,0.99,0.0
1,1,Condenser Fouling,Condenser Fouling,0.0,1.0,0.0,0.0
3,3,Excess Oil,Excess Oil,0.18,0.0,0.03,0.79
3,0,Excess Oil,Healthy,0.42,0.025,0.225,0.33
2,2,Refrigerant Leak,Refrigerant Leak,0.05,0.005,0.945,0.0
1,1,Condenser Fouling,Condenser Fouling,0.005,0.995,0.0,0.0
0,0,Healthy,Healthy,0.845,0.01,0.04,0.105
3,3,Excess Oil,Excess Oil,0.0,0.0,0.0,1.0
2,2,Refrigerant Leak,Refrigerant Leak,0.015,0.0,0.975,0.01
1,1,Condenser Fouling,Condenser Fouling,0.035,0.965,0.0,0.0
1,1,Condenser Fouling,Condenser Fouling,0.085,0.915,0.0,0.0
2,2,Refrigerant Leak,Refrigerant Leak,0.055,0.0,0.925,0.02
1,1,Condenser Fouling,Condenser Fouling,0.01,0.99,0.0,0.0
1,1,Condenser Fouling,Condenser Fouling,0.01,0.99,0.0,0.0
1,1,Condenser Fouling,Condenser Fouling,0.095,0.905,0.0,0.0
3,3,Excess Oil,Excess Oil,0.0,0.0,0.0,1.0
1,1,Condenser Fouling,Condenser Fouling,0.03,0.97,0.0,0.0
0,0,Healthy,Healthy,0.69,0.005,0.205,0.1
1,1,Condenser Fouling,Condenser Fouling,0.29,0.71,0.0,0.0
3,3,Excess Oil,Excess Oil,0.015,0.0,0.01,0.975
3,3,Excess Oil,Excess Oil,0.005,0.0,0.0,0.995
2,2,Refrigerant Leak,Refrigerant Leak,0.125,0.0,0.87,0.005
2,2,Refrigerant Leak,Refrigerant Leak,0.135,0.0,0.81,0.055
1,1,Condenser Fouling,Condenser Fouling,0.15,0.85,0.0,0.0
1,1,Condenser Fouling,Condenser Fouling,0.025,0.975,0.0,0.0
1,1,Condenser Fouling,Condenser Fouling,0.01,0.99,0.0,0.0
1,1,Condenser Fouling,Condenser Fouling,0.0,1.0,0.0,0.0
3,3,Excess Oil,Excess Oil,0.3,0.0,0.095,0.605
1,1,Condenser Fouling,Condenser Fouling,0.245,0.755,0.0,0.0
2,2,Refrigerant Leak,Refrigerant Leak,0.05,0.0,0.935,0.015
0,0,Healthy,Healthy,0.965,0.0,0.015,0.02
1,1,Condenser Fouling,Condenser Fouling,0.2,0.8,0.0,0.0
2,2,Refrigerant Leak,Refrigerant Leak,0.05,0.0,0.94,0.01
0,0,Healthy,Healthy,0.63,0.0,0.175,0.195
1,1,Condenser Fouling,Condenser Fouling,0.085,0.915,0.0,0.0
0,0,Healthy,Healthy,0.83,0.0,0.105,0.065
1,1,Condenser Fouling,Condenser Fouling,0.005,0.995,0.0,0.0
3,3,Excess Oil,Excess Oil,0.0,0.0,0.0,1.0
2,2,Refrigerant Leak,Refrigerant Leak,0.025,0.0,0.95,0.025
3,3,Excess Oil,Excess Oil,0.005,0.0,0.0,0.995
3,3,Excess Oil,Excess Oil,0.015,0.0,0.005,0.98
0,0,Healthy,Healthy,0.895,0.1,0.0,0.005
2,2,Refrigerant Leak,Refrigerant Leak,0.025,0.0,0.97,0.005
1,1,Condenser Fouling,Condenser Fouling,0.325,0.67,0.005,0.0
2,2,Refrigerant Leak,Refrigerant Leak,0.04,0.0,0.94,0.02
1,1,Condenser Fouling,Condenser Fouling,0.05,0.95,0.0,0.0
1,1,Condenser Fouling,Condenser Fouling,0.01,0.99,0.0,0.0
0,0,Healthy,Healthy,0.885,0.0,0.075,0.04
1,1,Condenser Fouling,Condenser Fouling,0.035,0.965,0.0,0.0
3,3,Excess Oil,Excess Oil,0.105,0.0,0.17,0.725
2,2,Refrigerant Leak,Refrigerant Leak,0.03,0.0,0.965,0.005
1,1,Condenser Fouling,Condenser Fouling,0.23,0.695,0.06,0.015
1,1,Condenser Fouling,Condenser Fouling,0.195,0.8,0.0,0.005
3,3,Excess Oil,Excess Oil,0.0,0.0,0.0,1.0
2,2,Refrigerant Leak,Refrigerant Leak,0.245,0.0,0.645,0.11
3,3,Excess Oil,Excess Oil,0.11,0.0,0.13,0.76
3,3,Excess Oil,Excess Oil,0.0,0.0,0.0,1.0
1,1,Condenser Fouling,Condenser Fouling,0.0,1.0,0.0,0.0
2,2,Refrigerant Leak,Refrigerant Leak,0.005,0.0,0.995,0.0
2,2,Refrigerant Leak,Refrigerant Leak,0.03,0.0,0.855,0.115
0,0,Healthy,Healthy,0.91,0.09,0.0,0.0
3,3,Excess Oil,Excess Oil,0.0,0.0,0.0,1.0
0,0,Healthy,Healthy,0.69,0.0,0.19,0.12
3,3,Excess Oil,Excess Oil,0.07,0.0,0.01,0.92
2,2,Refrigerant Leak,Refrigerant Leak,0.07,0.0,0.9,0.03
2,2,Refrigerant Leak,Refrigerant Leak,0.055,0.0,0.925,0.02
3,3,Excess Oil,Excess Oil,0.0,0.0,0.005,0.995
1,1,Condenser Fouling,Condenser Fouling,0.025,0.975,0.0,0.0
3,3,Excess Oil,Excess Oil,0.005,0.0,0.0,0.995
0,0,Healthy,Healthy,0.77,0.005,0.12,0.105
0,0,Healthy,Healthy,0.975,0.01,0.01,0.005
2,2,Refrigerant Leak,Refrigerant Leak,0.105,0.0,0.895,0.0
0,0,Healthy,Healthy,0.94,0.005,0.04,0.015
1,1,Condenser Fouling,Condenser Fouling,0.04,0.96,0.0,0.0
3,3,Excess Oil,Excess Oil,0.005,0.0,0.0,0.995
3,3,Excess Oil,Excess Oil,0.0,0.0,0.0,1.0
1,1,Condenser Fouling,Condenser Fouling,0.045,0.955,0.0,0.0
0,0,Healthy,Healthy,0.98,0.0,0.02,0.0
3,3,Excess Oil,Excess Oil,0.0,0.0,0.005,0.995
1,1,Condenser Fouling,Condenser Fouling,0.0,1.0,0.0,0.0
1,1,Condenser Fouling,Condenser Fouling,0.0,1.0,0.0,0.0
3,3,Excess Oil,Excess Oil,0.04,0.0,0.045,0.915
3,3,Excess Oil,Excess Oil,0.0,0.0,0.0,1.0
3,3,Excess Oil,Excess Oil,0.05,0.0,0.005,0.945
1,1,Condenser Fouling,Condenser Fouling,0.0,1.0,0.0,0.0
2,2,Refrigerant Leak,Refrigerant Leak,0.0,0.0,1.0,0.0
1,1,Condenser Fouling,Condenser Fouling,0.005,0.995,0.0,0.0
2,2,Refrigerant Leak,Refrigerant Leak,0.18,0.0,0.82,0.0
1,1,Condenser Fouling,Condenser Fouling,0.075,0.925,0.0,0.0
3,3,Excess Oil,Excess Oil,0.15,0.005,0.02,0.825
0,0,Healthy,Healthy,0.92,0.0,0.055,0.025
3,3,Excess Oil,Excess Oil,0.0,0.0,0.0,1.0
0,0,Healthy,Healthy,0.67,0.325,0.005,0.0
1,1,Condenser Fouling,Condenser Fouling,0.145,0.85,0.0,0.005
0,0,Healthy,Healthy,0.94,0.025,0.03,0.005
1,1,Condenser Fouling,Condenser Fouling,0.12,0.88,0.0,0.0
0,0,Healthy,Healthy,0.94,0.055,0.0,0.005
0,0,Healthy,Healthy,0.79,0.21,0.0,0.0
1,1,Condenser Fouling,Condenser Fouling,0.005,0.995,0.0,0.0
0,0,Healthy,Healthy,0.92,0.07,0.01,0.0
1,1,Condenser Fouling,Condenser Fouling,0.035,0.965,0.0,0.0
1,1,Condenser Fouling,Condenser Fouling,0.045,0.955,0.0,0.0
3,3,Excess Oil,Excess Oil,0.025,0.0,0.005,0.97
0,0,Healthy,Healthy,0.915,0.0,0.075,0.01
0,0,Healthy,Healthy,0.905,0.0,0.09,0.005
0,0,Healthy,Healthy,0.725,0.0,0.05,0.225
2,2,Refrigerant Leak,Refrigerant Leak,0.07,0.0,0.915,0.015
1,1,Condenser Fouling,Condenser Fouling,0.0,1.0,0.0,0.0
1,1,Condenser Fouling,Condenser Fouling,0.36,0.64,0.0,0.0
1,1,Condenser Fouling,Condenser Fouling,0.215,0.785,0.0,0.0
1,1,Condenser Fouling,Condenser Fouling,0.005,0.995,0.0,0.0
1,1,Condenser Fouling,Condenser Fouling,0.035,0.965,0.0,0.0
2,2,Refrigerant Leak,Refrigerant Leak,0.005,0.0,0.995,0.0
2,2,Refrigerant Leak,Refrigerant Leak,0.28,0.01,0.68,0.03
1,1,Condenser Fouling,Condenser Fouling,0.075,0.925,0.0,0.0
3,3,Excess Oil,Excess Oil,0.0,0.0,0.0,1.0
3,3,Excess Oil,Excess Oil,0.015,0.005,0.0,0.98
1,1,Condenser Fouling,Condenser Fouling,0.11,0.89,0.0,0.0
3,3,Excess Oil,Excess Oil,0.0,0.0,0.005,0.995
0,0,Healthy,Healthy,0.81,0.19,0.0,0.0
2,2,Refrigerant Leak,Refrigerant Leak,0.025,0.0,0.965,0.01
2,2,Refrigerant Leak,Refrigerant Leak,0.28,0.0,0.655,0.065
3,3,Excess Oil,Excess Oil,0.015,0.0,0.0,0.985
3,3,Excess Oil,Excess Oil,0.0,0.0,0.0,1.0
0,0,Healthy,Healthy,0.995,0.0,0.005,0.0
3,3,Excess Oil,Excess Oil,0.0,0.005,0.0,0.995
1,1,Condenser Fouling,Condenser Fouling,0.04,0.96,0.0,0.0
0,0,Healthy,Healthy,0.46,0.08,0.38,0.08
3,3,Excess Oil,Excess Oil,0.06,0.0,0.0,0.94
0,0,Healthy,Healthy,0.91,0.0,0.08,0.01
0,0,Healthy,Healthy,0.925,0.005,0.06,0.01
3,3,Excess Oil,Excess Oil,0.0,0.0,0.0,1.0
1,1,Condenser Fouling,Condenser Fouling,0.045,0.955,0.0,0.0
0,0,Healthy,Healthy,0.855,0.14,0.005,0.0
0,0,Healthy,Healthy,0.93,0.015,0.035,0.02
3,3,Excess Oil,Excess Oil,0.0,0.0,0.0,1.0
1,1,Condenser Fouling,Condenser Fouling,0.04,0.96,0.0,0.0
2,2,Refrigerant Leak,Refrigerant Leak,0.0,0.0,1.0,0.0
1,1,Condenser Fouling,Condenser Fouling,0.05,0.95,0.0,0.0
2,2,Refrigerant Leak,Refrigerant Leak,0.115,0.0,0.88,0.005
0,0,Healthy,Healthy,0.915,0.05,0.025,0.01
3,3,Excess Oil,Excess Oil,0.0,0.0,0.0,1.0
2,2,Refrigerant Leak,Refrigerant Leak,0.005,0.0,0.995,0.0
2,2,Refrigerant Leak,Refrigerant Leak,0.05,0.0,0.95,0.0
3,3,Excess Oil,Excess Oil,0.0,0.0,0.0,1.0
0,0,Healthy,Healthy,0.695,0.305,0.0,0.0
2,2,Refrigerant Leak,Refrigerant Leak,0.005,0.0,0.995,0.0
0,0,Healthy,Healthy,0.925,0.005,0.055,0.015
3,3,Excess Oil,Excess Oil,0.18,0.0,0.165,0.655
1,1,Condenser Fouling,Condenser Fouling,0.0,1.0,0.0,0.0
2,2,Refrigerant Leak,Refrigerant Leak,0.0,0.0,1.0,0.0
3,3,Excess Oil,Excess Oil,0.005,0.0,0.0,0.995
1,1,Condenser Fouling,Condenser Fouling,0.055,0.945,0.0,0.0
3,3,Excess Oil,Excess Oil,0.025,0.0,0.0,0.975
1,1,Condenser Fouling,Condenser Fouling,0.005,0.995,0.0,0.0
0,0,Healthy,Healthy,0.845,0.01,0.115,0.03
2,2,Refrigerant Leak,Refrigerant Leak,0.08,0.0,0.895,0.025
2,2,Refrigerant Leak,Refrigerant Leak,0.025,0.0,0.945,0.03
0,0,Healthy,Healthy,0.975,0.0,0.02,0.005
0,0,Healthy,Healthy,0.825,0.0,0.145,0.03
2,2,Refrigerant Leak,Refrigerant Leak,0.12,0.0,0.88,0.0
3,3,Excess Oil,Excess Oil,0.01,0.0,0.0,0.99
3,3,Excess Oil,Excess Oil,0.0,0.0,0.0,1.0
0,1,Healthy,Condenser Fouling,0.41,0.59,0.0,0.0
2,2,Refrigerant Leak,Refrigerant Leak,0.005,0.0,0.985,0.01
2,2,Refrigerant Leak,Refrigerant Leak,0.105,0.005,0.865,0.025
1,1,Condenser Fouling,Condenser Fouling,0.145,0.855,0.0,0.0
3,3,Excess Oil,Excess Oil,0.155,0.0,0.1,0.745
1,1,Condenser Fouling,Condenser Fouling,0.14,0.86,0.0,0.0
2,2,Refrigerant Leak,Refrigerant Leak,0.075,0.005,0.89,0.03
1,1,Condenser Fouling,Condenser Fouling,0.155,0.84,0.0,0.005
2,2,Refrigerant Leak,Refrigerant Leak,0.03,0.0,0.96,0.01
3,3,Excess Oil,Excess Oil,0.035,0.0,0.05,0.915
3,3,Excess Oil,Excess Oil,0.03,0.0,0.03,0.94
3,3,Excess Oil,Excess Oil,0.0,0.0,0.005,0.995
2,2,Refrigerant Leak,Refrigerant Leak,0.035,0.0,0.955,0.01
1,1,Condenser Fouling,Condenser Fouling,0.235,0.765,0.0,0.0
0,0,Healthy,Healthy,0.955,0.0,0.03,0.015
1,1,Condenser Fouling,Condenser Fouling,0.005,0.995,0.0,0.0
0,0,Healthy,Healthy,0.97,0.01,0.02,0.0
1,1,Condenser Fouling,Condenser Fouling,0.0,1.0,0.0,0.0
0,0,Healthy,Healthy,0.875,0.0,0.08,0.045
3,3,Excess Oil,Excess Oil,0.13,0.015,0.055,0.8
2,2,Refrigerant Leak,Refrigerant Leak,0.08,0.0,0.91,0.01
3,3,Excess Oil,Excess Oil,0.1,0.0,0.05,0.85
3,3,Excess Oil,Excess Oil,0.0,0.0,0.0,1.0
0,0,Healthy,Healthy,0.775,0.005,0.19,0.03
0,1,Healthy,Condenser Fouling,0.255,0.745,0.0,0.0
2,2,Refrigerant Leak,Refrigerant Leak,0.09,0.01,0.89,0.01
1,1,Condenser Fouling,Condenser Fouling,0.3,0.7,0.0,0.0
2,2,Refrigerant Leak,Refrigerant Leak,0.165,0.0,0.795,0.04
0,0,Healthy,Healthy,0.54,0.46,0.0,0.0
0,0,Healthy,Healthy,0.825,0.015,0.105,0.055
0,0,Healthy,Healthy,0.985,0.01,0.0,0.005
2,2,Refrigerant Leak,Refrigerant Leak,0.075,0.0,0.915,0.01
1,1,Condenser Fouling,Condenser Fouling,0.025,0.975,0.0,0.0
1,1,Condenser Fouling,Condenser Fouling,0.005,0.995,0.0,0.0
2,2,Refrigerant Leak,Refrigerant Leak,0.02,0.0,0.975,0.005
2,2,Refrigerant Leak,Refrigerant Leak,0.04,0.0,0.955,0.005
3,3,Excess Oil,Excess Oil,0.0,0.0,0.0,1.0
0,0,Healthy,Healthy,0.555,0.0,0.38,0.065
0,0,Healthy,Healthy,0.815,0.0,0.115,0.07
0,2,Healthy,Refrigerant Leak,0.385,0.0,0.53,0.085
1,1,Condenser Fouling,Condenser Fouling,0.455,0.545,0.0,0.0
3,3,Excess Oil,Excess Oil,0.07,0.0,0.055,0.875
2,2,Refrigerant Leak,Refrigerant Leak,0.01,0.0,0.99,0.0
2,2,Refrigerant Leak,Refrigerant Leak,0.005,0.0,0.98,0.015
2,2,Refrigerant Leak,Refrigerant Leak,0.325,0.005,0.65,0.02
0,0,Healthy,Healthy,0.59,0.41,0.0,0.0
0,0,Healthy,Healthy,0.965,0.005,0.02,0.01
1,1,Condenser Fouling,Condenser Fouling,0.075,0.925,0.0,0.0
3,3,Excess Oil,Excess Oil,0.125,0.0,0.14,0.735
0,0,Healthy,Healthy,0.705,0.0,0.23,0.065
0,0,Healthy,Healthy,0.97,0.02,0.005,0.005
1,1,Condenser Fouling,Condenser Fouling,0.015,0.985,0.0,0.0
1,1,Condenser Fouling,Condenser Fouling,0.165,0.83,0.005,0.0
1,1,Condenser Fouling,Condenser Fouling,0.025,0.975,0.0,0.0
0,0,Healthy,Healthy,0.84,0.14,0.005,0.015
2,2,Refrigerant Leak,Refrigerant Leak,0.0,0.0,1.0,0.0
2,2,Refrigerant Leak,Refrigerant Leak,0.21,0.0,0.775,0.015
3,3,Excess Oil,Excess Oil,0.23,0.0,0.02,0.75
3,3,Excess Oil,Excess Oil,0.0,0.0,0.0,1.0
1,1,Condenser Fouling,Condenser Fouling,0.055,0.945,0.0,0.0
3,3,Excess Oil,Excess Oil,0.11,0.0,0.165,0.725
2,2,Refrigerant Leak,Refrigerant Leak,0.135,0.0,0.81,0.055
2,2,Refrigerant Leak,Refrigerant Leak,0.0,0.0,1.0,0.0
1,1,Condenser Fouling,Condenser Fouling,0.035,0.965,0.0,0.0
3,3,Excess Oil,Excess Oil,0.0,0.0,0.0,1.0
2,2,Refrigerant Leak,Refrigerant Leak,0.19,0.0,0.8,0.01
3,3,Excess Oil,Excess Oil,0.07,0.0,0.06,0.87
1,1,Condenser Fouling,Condenser Fouling,0.225,0.775,0.0,0.0
3,3,Excess Oil,Excess Oil,0.005,0.0,0.0,0.995
3,3,Excess Oil,Excess Oil,0.035,0.0,0.015,0.95
3,3,Excess Oil,Excess Oil,0.0,0.0,0.0,1.0
1,1,Condenser Fouling,Condenser Fouling,0.105,0.895,0.0,0.0
3,3,Excess Oil,Excess Oil,0.005,0.0,0.0,0.995
2,2,Refrigerant Leak,Refrigerant Leak,0.11,0.0,0.875,0.015
1,1,Condenser Fouling,Condenser Fouling,0.09,0.91,0.0,0.0
1,1,Condenser Fouling,Condenser Fouling,0.0,1.0,0.0,0.0
2,2,Refrigerant Leak,Refrigerant Leak,0.005,0.0,0.99,0.005
3,3,Excess Oil,Excess Oil,0.01,0.0,0.01,0.98
1,1,Condenser Fouling,Condenser Fouling,0.005,0.995,0.0,0.0
0,0,Healthy,Healthy,0.98,0.0,0.02,0.0
0,0,Healthy,Healthy,0.775,0.225,0.0,0.0
0,0,Healthy,Healthy,0.84,0.005,0.125,0.03
0,0,Healthy,Healthy,0.97,0.0,0.015,0.015
3,3,Excess Oil,Excess Oil,0.0,0.0,0.0,1.0
3,3,Excess Oil,Excess Oil,0.0,0.0,0.0,1.0
1,1,Condenser Fouling,Condenser Fouling,0.01,0.99,0.0,0.0
2,2,Refrigerant Leak,Refrigerant Leak,0.165,0.0,0.825,0.01
1,1,Condenser Fouling,Condenser Fouling,0.235,0.765,0.0,0.0
0,0,Healthy,Healthy,0.765,0.235,0.0,0.0
1,1,Condenser Fouling,Condenser Fouling,0.015,0.98,0.005,0.0
2,2,Refrigerant Leak,Refrigerant Leak,0.05,0.0,0.935,0.015
2,2,Refrigerant Leak,Refrigerant Leak,0.0,0.0,1.0,0.0
3,3,Excess Oil,Excess Oil,0.055,0.01,0.025,0.91
1,1,Condenser Fouling,Condenser Fouling,0.0,1.0,0.0,0.0
0,0,Healthy,Healthy,0.715,0.285,0.0,0.0
0,0,Healthy,Healthy,0.99,0.005,0.005,0.0
2,2,Refrigerant Leak,Refrigerant Leak,0.045,0.0,0.935,0.02
3,3,Excess Oil,Excess Oil,0.22,0.0,0.045,0.735
1,1,Condenser Fouling,Condenser Fouling,0.08,0.92,0.0,0.0
3,3,Excess Oil,Excess Oil,0.105,0.0,0.03,0.865
2,2,Refrigerant Leak,Refrigerant Leak,0.0,0.0,1.0,0.0
3,3,Excess Oil,Excess Oil,0.085,0.0,0.015,0.9
0,0,Healthy,Healthy,0.91,0.02,0.05,0.02
2,2,Refrigerant Leak,Refrigerant Leak,0.05,0.0,0.945,0.005
1,1,Condenser Fouling,Condenser Fouling,0.12,0.88,0.0,0.0
3,3,Excess Oil,Excess Oil,0.01,0.0,0.0,0.99
2,2,Refrigerant Leak,Refrigerant Leak,0.005,0.0,0.995,0.0
1,1,Condenser Fouling,Condenser Fouling,0.015,0.985,0.0,0.0
3,3,Excess Oil,Excess Oil,0.13,0.0,0.01,0.86
3,3,Excess Oil,Excess Oil,0.02,0.0,0.01,0.97
1,1,Condenser Fouling,Condenser Fouling,0.025,0.975,0.0,0.0
0,0,Healthy,Healthy,0.55,0.0,0.265,0.185
0,0,Healthy,Healthy,0.875,0.005,0.08,0.04
3,3,Excess Oil,Excess Oil,0.0,0.0,0.0,1.0
0,0,Healthy,Healthy,0.73,0.01,0.175,0.085
2,2,Refrigerant Leak,Refrigerant Leak,0.105,0.0,0.89,0.005
0,0,Healthy,Healthy,0.56,0.0,0.385,0.055
2,2,Refrigerant Leak,Refrigerant Leak,0.02,0.0,0.975,0.005
0,0,Healthy,Healthy,0.62,0.01,0.335,0.035
1,1,Condenser Fouling,Condenser Fouling,0.01,0.99,0.0,0.0
2,2,Refrigerant Leak,Refrigerant Leak,0.015,0.005,0.975,0.005
3,3,Excess Oil,Excess Oil,0.005,0.0,0.01,0.985
2,2,Refrigerant Leak,Refrigerant Leak,0.035,0.005,0.955,0.005
3,3,Excess Oil,Excess Oil,0.005,0.0,0.0,0.995
1,1,Condenser Fouling,Condenser Fouling,0.0,1.0,0.0,0.0
3,3,Excess Oil,Excess Oil,0.01,0.0,0.0,0.99
0,0,Healthy,Healthy,0.575,0.425,0.0,0.0
0,0,Healthy,Healthy,0.61,0.39,0.0,0.0
0,2,Healthy,Refrigerant Leak,0.325,0.005,0.455,0.215
0,0,Healthy,Healthy,0.955,0.03,0.01,0.005
2,2,Refrigerant Leak,Refrigerant Leak,0.205,0.005,0.79,0.0
3,3,Excess Oil,Excess Oil,0.02,0.0,0.005,0.975
2,2,Refrigerant Leak,Refrigerant Leak,0.035,0.0,0.96,0.005
1,1,Condenser Fouling,Condenser Fouling,0.01,0.99,0.0,0.0
2,2,Refrigerant Leak,Refrigerant Leak,0.01,0.0,0.985,0.005
2,2,Refrigerant Leak,Refrigerant Leak,0.235,0.015,0.72,0.03
2,2,Refrigerant Leak,Refrigerant Leak,0.025,0.0,0.96,0.015
1,1,Condenser Fouling,Condenser Fouling,0.0,1.0,0.0,0.0
3,3,Excess Oil,Excess Oil,0.0,0.0,0.0,1.0
0,0,Healthy,Healthy,0.745,0.255,0.0,0.0
3,3,Excess Oil,Excess Oil,0.04,0.0,0.0,0.96
0,0,Healthy,Healthy,0.945,0.025,0.03,0.0
0,0,Healthy,Healthy,0.95,0.035,0.005,0.01
2,2,Refrigerant Leak,Refrigerant Leak,0.015,0.0,0.965,0.02
0,0,Healthy,Healthy,0.915,0.085,0.0,0.0
2,2,Refrigerant Leak,Refrigerant Leak,0.0,0.0,0.99,0.01
1,1,Condenser Fouling,Condenser Fouling,0.0,1.0,0.0,0.0
1,1,Condenser Fouling,Condenser Fouling,0.1,0.9,0.0,0.0
3,3,Excess Oil,Excess Oil,0.0,0.0,0.0,1.0
2,2,Refrigerant Leak,Refrigerant Leak,0.0,0.0,1.0,0.0
1,1,Condenser Fouling,Condenser Fouling,0.045,0.955,0.0,0.0
3,3,Excess Oil,Excess Oil,0.12,0.0,0.09,0.79
2,2,Refrigerant Leak,Refrigerant Leak,0.0,0.0,1.0,0.0
3,3,Excess Oil,Excess Oil,0.0,0.0,0.0,1.0
1,1,Condenser Fouling,Condenser Fouling,0.125,0.875,0.0,0.0
3,3,Excess Oil,Excess Oil,0.04,0.0,0.01,0.95
3,3,Excess Oil,Excess Oil,0.02,0.0,0.0,0.98
2,2,Refrigerant Leak,Refrigerant Leak,0.0,0.0,1.0,0.0
0,0,Healthy,Healthy,0.925,0.0,0.04,0.035
0,0,Healthy,Healthy,0.525,0.005,0.41,0.06
1,1,Condenser Fouling,Condenser Fouling,0.01,0.99,0.0,0.0
0,0,Healthy,Healthy,0.795,0.18,0.02,0.005
3,3,Excess Oil,Excess Oil,0.0,0.0,0.0,1.0
3,3,Excess Oil,Excess Oil,0.0,0.0,0.015,0.985
3,3,Excess Oil,Excess Oil,0.0,0.0,0.0,1.0
1,1,Condenser Fouling,Condenser Fouling,0.015,0.985,0.0,0.0
2,2,Refrigerant Leak,Refrigerant Leak,0.185,0.0,0.805,0.01
3,3,Excess Oil,Excess Oil,0.0,0.0,0.0,1.0
0,0,Healthy,Healthy,0.645,0.35,0.005,0.0
3,3,Excess Oil,Excess Oil,0.0,0.0,0.0,1.0
1,1,Condenser Fouling,Condenser Fouling,0.135,0.865,0.0,0.0
1,1,Condenser Fouling,Condenser Fouling,0.175,0.825,0.0,0.0
3,3,Excess Oil,Excess Oil,0.0,0.0,0.0,1.0
1,1,Condenser Fouling,Condenser Fouling,0.03,0.97,0.0,0.0
0,0,Healthy,Healthy,0.885,0.115,0.0,0.0
2,2,Refrigerant Leak,Refrigerant Leak,0.04,0.0,0.96,0.0
3,3,Excess Oil,Excess Oil,0.0,0.0,0.0,1.0
3,3,Excess Oil,Excess Oil,0.01,0.0,0.0,0.99
1,1,Condenser Fouling,Condenser Fouling,0.01,0.99,0.0,0.0
1,1,Condenser Fouling,Condenser Fouling,0.15,0.85,0.0,0.0
3,3,Excess Oil,Excess Oil,0.06,0.0,0.015,0.925
1,1,Condenser Fouling,Condenser Fouling,0.03,0.965,0.0,0.005
2,2,Refrigerant Leak,Refrigerant Leak,0.07,0.0,0.925,0.005
3,3,Excess Oil,Excess Oil,0.0,0.0,0.0,1.0
1,1,Condenser Fouling,Condenser Fouling,0.015,0.985,0.0,0.0
1,1,Condenser Fouling,Condenser Fouling,0.02,0.98,0.0,0.0
3,3,Excess Oil,Excess Oil,0.0,0.0,0.0,1.0
0,0,Healthy,Healthy,0.805,0.0,0.035,0.16
2,2,Refrigerant Leak,Refrigerant Leak,0.15,0.0,0.81,0.04
3,3,Excess Oil,Excess Oil,0.0,0.0,0.0,1.0
0,0,Healthy,Healthy,0.935,0.0,0.04,0.025
1,1,Condenser Fouling,Condenser Fouling,0.02,0.98,0.0,0.0
0,0,Healthy,Healthy,0.865,0.0,0.1,0.035
2,2,Refrigerant Leak,Refrigerant Leak,0.03,0.0,0.96,0.01
0,0,Healthy,Healthy,0.57,0.43,0.0,0.0
3,3,Excess Oil,Excess Oil,0.03,0.0,0.015,0.955
3,3,Excess Oil,Excess Oil,0.005,0.0,0.005,0.99
3,3,Excess Oil,Excess Oil,0.005,0.0,0.0,0.995
3,3,Excess Oil,Excess Oil,0.18,0.0,0.12,0.7
3,3,Excess Oil,Excess Oil,0.0,0.0,0.005,0.995
0,0,Healthy,Healthy,0.625,0.0,0.115,0.26
2,2,Refrigerant Leak,Refrigerant Leak,0.03,0.0,0.965,0.005
0,0,Healthy,Healthy,0.82,0.0,0.09,0.09
2,2,Refrigerant Leak,Refrigerant Leak,0.105,0.04,0.805,0.05
2,2,Refrigerant Leak,Refrigerant Leak,0.12,0.0,0.86,0.02
3,3,Excess Oil,Excess Oil,0.01,0.0,0.01,0.98
1,1,Condenser Fouling,Condenser Fouling,0.315,0.685,0.0,0.0
2,2,Refrigerant Leak,Refrigerant Leak,0.07,0.0,0.9,0.03
3,3,Excess Oil,Excess Oil,0.0,0.0,0.025,0.975
1,1,Condenser Fouling,Condenser Fouling,0.0,1.0,0.0,0.0
3,3,Excess Oil,Excess Oil,0.0,0.0,0.0,1.0
2,2,Refrigerant Leak,Refrigerant Leak,0.045,0.0,0.955,0.0
0,0,Healthy,Healthy,0.77,0.23,0.0,0.0
1,1,Condenser Fouling,Condenser Fouling,0.02,0.98,0.0,0.0
2,2,Refrigerant Leak,Refrigerant Leak,0.01,0.0,0.99,0.0
0,0,Healthy,Healthy,0.995,0.005,0.0,0.0
0,0,Healthy,Healthy,0.91,0.09,0.0,0.0
1,1,Condenser Fouling,Condenser Fouling,0.005,0.995,0.0,0.0
2,2,Refrigerant Leak,Refrigerant Leak,0.125,0.005,0.82,0.05
0,0,Healthy,Healthy,0.83,0.0,0.09,0.08
1,1,Condenser Fouling,Condenser Fouling,0.19,0.81,0.0,0.0
3,3,Excess Oil,Excess Oil,0.06,0.04,0.065,0.835
3,3,Excess Oil,Excess Oil,0.035,0.0,0.05,0.915
3,3,Excess Oil,Excess Oil,0.005,0.0,0.0,0.995
3,3,Excess Oil,Excess Oil,0.06,0.005,0.065,0.87
1,1,Condenser Fouling,Condenser Fouling,0.115,0.885,0.0,0.0
3,3,Excess Oil,Excess Oil,0.005,0.0,0.005,0.99
2,2,Refrigerant Leak,Refrigerant Leak,0.02,0.0,0.975,0.005
0,0,Healthy,Healthy,0.595,0.0,0.28,0.125
1,1,Condenser Fouling,Condenser Fouling,0.045,0.955,0.0,0.0
1,1,Condenser Fouling,Condenser Fouling,0.1,0.9,0.0,0.0
0,0,Healthy,Healthy,0.57,0.015,0.36,0.055
3,2,Excess Oil,Refrigerant Leak,0.28,0.0,0.405,0.315
3,3,Excess Oil,Excess Oil,0.0,0.0,0.0,1.0
2,2,Refrigerant Leak,Refrigerant Leak,0.05,0.01,0.915,0.025
0,0,Healthy,Healthy,0.9,0.0,0.05,0.05
0,0,Healthy,Healthy,0.59,0.0,0.19,0.22
2,2,Refrigerant Leak,Refrigerant Leak,0.03,0.0,0.97,0.0
3,3,Excess Oil,Excess Oil,0.0,0.0,0.0,1.0
1,1,Condenser Fouling,Condenser Fouling,0.005,0.995,0.0,0.0
3,3,Excess Oil,Excess Oil,0.21,0.0,0.105,0.685
3,2,Excess Oil,Refrigerant Leak,0.29,0.0,0.41,0.3
3,3,Excess Oil,Excess Oil,0.01,0.0,0.01,0.98
1,1,Condenser Fouling,Condenser Fouling,0.02,0.98,0.0,0.0
1,1,Condenser Fouling,Condenser Fouling,0.135,0.865,0.0,0.0
3,3,Excess Oil,Excess Oil,0.095,0.0,0.02,0.885
3,3,Excess Oil,Excess Oil,0.2,0.015,0.09,0.695
0,0,Healthy,Healthy,0.745,0.255,0.0,0.0
1,1,Condenser Fouling,Condenser Fouling,0.005,0.995,0.0,0.0
1,1,Condenser Fouling,Condenser Fouling,0.005,0.995,0.0,0.0
1,1,Condenser Fouling,Condenser Fouling,0.04,0.95,0.005,0.005
3,3,Excess Oil,Excess Oil,0.13,0.0,0.03,0.84
2,2,Refrigerant Leak,Refrigerant Leak,0.0,0.0,0.985,0.015
1,1,Condenser Fouling,Condenser Fouling,0.15,0.85,0.0,0.0
0,0,Healthy,Healthy,0.895,0.025,0.05,0.03
2,2,Refrigerant Leak,Refrigerant Leak,0.25,0.0,0.675,0.075
2,2,Refrigerant Leak,Refrigerant Leak,0.055,0.0,0.93,0.015
2,2,Refrigerant Leak,Refrigerant Leak,0.01,0.0,0.985,0.005
0,0,Healthy,Healthy,0.615,0.01,0.315,0.06
0,0,Healthy,Healthy,0.765,0.235,0.0,0.0
2,2,Refrigerant Leak,Refrigerant Leak,0.04,0.0,0.935,0.025
1,1,Condenser Fouling,Condenser Fouling,0.195,0.805,0.0,0.0
0,0,Healthy,Healthy,0.87,0.0,0.12,0.01
2,2,Refrigerant Leak,Refrigerant Leak,0.03,0.0,0.965,0.005
2,2,Refrigerant Leak,Refrigerant Leak,0.0,0.0,1.0,0.0
0,1,Healthy,Condenser Fouling,0.485,0.515,0.0,0.0
3,3,Excess Oil,Excess Oil,0.035,0.0,0.02,0.945
0,0,Healthy,Healthy,0.945,0.01,0.04,0.005
1,1,Condenser Fouling,Condenser Fouling,0.19,0.805,0.0,0.005
2,2,Refrigerant Leak,Refrigerant Leak,0.0,0.0,1.0,0.0
1,1,Condenser Fouling,Condenser Fouling,0.04,0.96,0.0,0.0
1,1,Condenser Fouling,Condenser Fouling,0.025,0.97,0.005,0.0
0,0,Healthy,Healthy,0.98,0.01,0.0,0.01
0,0,Healthy,Healthy,0.75,0.005,0.205,0.04
1,1,Condenser Fouling,Condenser Fouling,0.155,0.845,0.0,0.0
3,3,Excess Oil,Excess Oil,0.05,0.0,0.02,0.93
2,2,Refrigerant Leak,Refrigerant Leak,0.035,0.0,0.94,0.025
1,1,Condenser Fouling,Condenser Fouling,0.045,0.955,0.0,0.0
2,2,Refrigerant Leak,Refrigerant Leak,0.005,0.0,0.99,0.005
2,2,Refrigerant Leak,Refrigerant Leak,0.025,0.0,0.94,0.035
1,1,Condenser Fouling,Condenser Fouling,0.14,0.855,0.005,0.0
0,0,Healthy,Healthy,0.735,0.265,0.0,0.0
3,3,Excess Oil,Excess Oil,0.0,0.0,0.0,1.0
0,0,Healthy,Healthy,0.63,0.37,0.0,0.0
1,1,Condenser Fouling,Condenser Fouling,0.185,0.815,0.0,0.0
0,0,Healthy,Healthy,0.98,0.0,0.005,0.015
0,0,Healthy,Healthy,0.615,0.005,0.34,0.04
2,2,Refrigerant Leak,Refrigerant Leak,0.095,0.0,0.875,0.03
3,3,Excess Oil,Excess Oil,0.0,0.0,0.005,0.995
3,3,Excess Oil,Excess Oil,0.245,0.005,0.095,0.655
3,3,Excess Oil,Excess Oil,0.0,0.0,0.0,1.0
3,3,Excess Oil,Excess Oil,0.135,0.0,0.03,0.835
0,1,Healthy,Condenser Fouling,0.49,0.51,0.0,0.0
3,3,Excess Oil,Excess Oil,0.06,0.0,0.01,0.93
1,1,Condenser Fouling,Condenser Fouling,0.05,0.945,0.005,0.0
2,2,Refrigerant Leak,Refrigerant Leak,0.03,0.0,0.965,0.005
1,1,Condenser Fouling,Condenser Fouling,0.235,0.765,0.0,0.0
0,0,Healthy,Healthy,0.93,0.0,0.07,0.0
1,1,Condenser Fouling,Condenser Fouling,0.0,1.0,0.0,0.0
0,0,Healthy,Healthy,0.94,0.05,0.01,0.0
1,1,Condenser Fouling,Condenser Fouling,0.02,0.98,0.0,0.0
3,3,Excess Oil,Excess Oil,0.06,0.0,0.02,0.92
2,2,Refrigerant Leak,Refrigerant Leak,0.0,0.0,0.985,0.015
2,2,Refrigerant Leak,Refrigerant Leak,0.11,0.0,0.885,0.005
1,1,Condenser Fouling,Condenser Fouling,0.035,0.965,0.0,0.0
1,1,Condenser Fouling,Condenser Fouling,0.015,0.985,0.0,0.0
0,0,Healthy,Healthy,0.985,0.005,0.01,0.0
2,2,Refrigerant Leak,Refrigerant Leak,0.2,0.0,0.74,0.06
2,2,Refrigerant Leak,Refrigerant Leak,0.135,0.0,0.845,0.02
2,2,Refrigerant Leak,Refrigerant Leak,0.04,0.01,0.94,0.01
0,0,Healthy,Healthy,0.895,0.105,0.0,0.0
1,1,Condenser Fouling,Condenser Fouling,0.07,0.93,0.0,0.0
2,2,Refrigerant Leak,Refrigerant Leak,0.0,0.0,0.995,0.005
2,2,Refrigerant Leak,Refrigerant Leak,0.075,0.0,0.925,0.0
2,2,Refrigerant Leak,Refrigerant Leak,0.115,0.0,0.875,0.01
0,0,Healthy,Healthy,0.885,0.115,0.0,0.0
0,0,Healthy,Healthy,0.86,0.14,0.0,0.0
1,1,Condenser Fouling,Condenser Fouling,0.155,0.845,0.0,0.0
2,2,Refrigerant Leak,Refrigerant Leak,0.055,0.0,0.875,0.07
2,2,Refrigerant Leak,Refrigerant Leak,0.13,0.005,0.85,0.015
0,0,Healthy,Healthy,0.625,0.0,0.33,0.045
0,0,Healthy,Healthy,0.995,0.005,0.0,0.0
3,3,Excess Oil,Excess Oil,0.005,0.0,0.0,0.995
3,3,Excess Oil,Excess Oil,0.01,0.0,0.0,0.99
3,3,Excess Oil,Excess Oil,0.015,0.0,0.0,0.985
0,0,Healthy,Healthy,0.605,0.01,0.295,0.09
0,0,Healthy,Healthy,0.945,0.055,0.0,0.0
2,2,Refrigerant Leak,Refrigerant Leak,0.045,0.0,0.955,0.0
1,1,Condenser Fouling,Condenser Fouling,0.115,0.885,0.0,0.0
0,0,Healthy,Healthy,0.97,0.005,0.015,0.01
2,2,Refrigerant Leak,Refrigerant Leak,0.28,0.0,0.7,0.02
3,3,Excess Oil,Excess Oil,0.315,0.0,0.14,0.545
0,0,Healthy,Healthy,0.97,0.0,0.015,0.015
3,3,Excess Oil,Excess Oil,0.0,0.0,0.0,1.0
2,2,Refrigerant Leak,Refrigerant Leak,0.005,0.0,0.995,0.0
0,0,Healthy,Healthy,0.815,0.0,0.05,0.135
0,0,Healthy,Healthy,0.82,0.0,0.175,0.005
0,0,Healthy,Healthy,0.86,0.0,0.1,0.04
0,0,Healthy,Healthy,0.81,0.185,0.005,0.0
3,3,Excess Oil,Excess Oil,0.06,0.0,0.01,0.93
0,0,Healthy,Healthy,0.6,0.27,0.125,0.005
2,2,Refrigerant Leak,Refrigerant Leak,0.0,0.0,1.0,0.0
3,3,Excess Oil,Excess Oil,0.0,0.0,0.0,1.0
1,1,Condenser Fouling,Condenser Fouling,0.15,0.84,0.01,0.0
3,3,Excess Oil,Excess Oil,0.02,0.0,0.025,0.955
3,3,Excess Oil,Excess Oil,0.0,0.0,0.0,1.0
0,0,Healthy,Healthy,0.915,0.085,0.0,0.0
1,1,Condenser Fouling,Condenser Fouling,0.0,1.0,0.0,0.0
3,3,Excess Oil,Excess Oil,0.005,0.0,0.0,0.995
1,1,Condenser Fouling,Condenser Fouling,0.015,0.985,0.0,0.0
3,3,Excess Oil,Excess Oil,0.0,0.0,0.0,1.0
2,2,Refrigerant Leak,Refrigerant Leak,0.03,0.0,0.96,0.01
1,1,Condenser Fouling,Condenser Fouling,0.025,0.97,0.005,0.0
0,0,Healthy,Healthy,0.74,0.255,0.005,0.0
3,3,Excess Oil,Excess Oil,0.125,0.0,0.08,0.795
0,0,Healthy,Healthy,0.67,0.0,0.06,0.27
0,0,Healthy,Healthy,0.99,0.0,0.0,0.01
2,2,Refrigerant Leak,Refrigerant Leak,0.04,0.0,0.95,0.01
3,3,Excess Oil,Excess Oil,0.0,0.0,0.0,1.0
1,1,Condenser Fouling,Condenser Fouling,0.025,0.97,0.005,0.0
3,3,Excess Oil,Excess Oil,0.0,0.0,0.0,1.0
0,0,Healthy,Healthy,0.915,0.005,0.07,0.01
3,3,Excess Oil,Excess Oil,0.245,0.0,0.2,0.555
1,1,Condenser Fouling,Condenser Fouling,0.095,0.905,0.0,0.0
2,2,Refrigerant Leak,Refrigerant Leak,0.005,0.0,0.995,0.0
1,1,Condenser Fouling,Condenser Fouling,0.005,0.995,0.0,0.0
0,0,Healthy,Healthy,0.76,0.24,0.0,0.0
1,1,Condenser Fouling,Condenser Fouling,0.095,0.905,0.0,0.0
1,1,Condenser Fouling,Condenser Fouling,0.005,0.995,0.0,0.0
2,2,Refrigerant Leak,Refrigerant Leak,0.02,0.0,0.975,0.005
3,3,Excess Oil,Excess Oil,0.125,0.0,0.15,0.725
2,2,Refrigerant Leak,Refrigerant Leak,0.005,0.0,0.995,0.0
3,3,Excess Oil,Excess Oil,0.0,0.0,0.0,1.0
3,3,Excess Oil,Excess Oil,0.335,0.005,0.185,0.475
0,0,Healthy,Healthy,0.675,0.325,0.0,0.0
1,1,Condenser Fouling,Condenser Fouling,0.025,0.97,0.0,0.005
1,1,Condenser Fouling,Condenser Fouling,0.035,0.965,0.0,0.0
2,2,Refrigerant Leak,Refrigerant Leak,0.035,0.0,0.96,0.005
1,1,Condenser Fouling,Condenser Fouling,0.0,1.0,0.0,0.0
3,3,Excess Oil,Excess Oil,0.0,0.0,0.0,1.0
1,1,Condenser Fouling,Condenser Fouling,0.025,0.975,0.0,0.0
2,2,Refrigerant Leak,Refrigerant Leak,0.14,0.0,0.815,0.045
2,2,Refrigerant Leak,Refrigerant Leak,0.03,0.0,0.96,0.01
2,2,Refrigerant Leak,Refrigerant Leak,0.065,0.0,0.885,0.05
1,1,Condenser Fouling,Condenser Fouling,0.07,0.85,0.03,0.05
0,0,Healthy,Healthy,0.93,0.0,0.055,0.015
0,0,Healthy,Healthy,0.935,0.005,0.06,0.0
2,2,Refrigerant Leak,Refrigerant Leak,0.02,0.0,0.975,0.005
1,1,Condenser Fouling,Condenser Fouling,0.04,0.96,0.0,0.0
3,3,Excess Oil,Excess Oil,0.06,0.0,0.01,0.93
0,0,Healthy,Healthy,0.685,0.0,0.285,0.03
3,3,Excess Oil,Excess Oil,0.27,0.035,0.055,0.64
3,3,Excess Oil,Excess Oil,0.0,0.0,0.0,1.0
3,3,Excess Oil,Excess Oil,0.005,0.0,0.0,0.995
1,1,Condenser Fouling,Condenser Fouling,0.0,1.0,0.0,0.0
2,2,Refrigerant Leak,Refrigerant Leak,0.26,0.0,0.68,0.06
3,3,Excess Oil,Excess Oil,0.0,0.0,0.0,1.0
2,2,Refrigerant Leak,Refrigerant Leak,0.01,0.0,0.99,0.0
0,0,Healthy,Healthy,0.98,0.0,0.0,0.02
3,3,Excess Oil,Excess Oil,0.005,0.0,0.0,0.995
0,0,Healthy,Healthy,0.99,0.01,0.0,0.0
0,1,Healthy,Condenser Fouling,0.415,0.56,0.015,0.01
2,2,Refrigerant Leak,Refrigerant Leak,0.025,0.0,0.975,0.0
2,2,Refrigerant Leak,Refrigerant Leak,0.08,0.0,0.91,0.01
3,3,Excess Oil,Excess Oil,0.0,0.0,0.0,1.0
0,0,Healthy,Healthy,0.95,0.02,0.005,0.025
3,3,Excess Oil,Excess Oil,0.0,0.0,0.0,1.0
2,2,Refrigerant Leak,Refrigerant Leak,0.13,0.0,0.835,0.035
1,1,Condenser Fouling,Condenser Fouling,0.005,0.995,0.0,0.0
0,0,Healthy,Healthy,0.695,0.305,0.0,0.0
3,3,Excess Oil,Excess Oil,0.0,0.0,0.0,1.0
2,2,Refrigerant Leak,Refrigerant Leak,0.015,0.0,0.985,0.0
0,0,Healthy,Healthy,0.69,0.0,0.2,0.11
1,1,Condenser Fouling,Condenser Fouling,0.18,0.82,0.0,0.0
1,1,Condenser Fouling,Condenser Fouling,0.27,0.73,0.0,0.0
1,1,Condenser Fouling,Condenser Fouling,0.37,0.565,0.055,0.01
0,0,Healthy,Healthy,0.705,0.005,0.185,0.105
0,0,Healthy,Healthy,0.695,0.015,0.265,0.025
2,2,Refrigerant Leak,Refrigerant Leak,0.085,0.0,0.915,0.0
2,2,Refrigerant Leak,Refrigerant Leak,0.0,0.0,1.0,0.0
2,2,Refrigerant Leak,Refrigerant Leak,0.16,0.0,0.79,0.05
3,3,Excess Oil,Excess Oil,0.33,0.0,0.215,0.455
3,3,Excess Oil,Excess Oil,0.0,0.0,0.0,1.0
3,3,Excess Oil,Excess Oil,0.0,0.0,0.0,1.0
3,3,Excess Oil,Excess Oil,0.12,0.0,0.04,0.84
3,3,Excess Oil,Excess Oil,0.05,0.0,0.005,0.945
0,0,Healthy,Healthy,0.835,0.0,0.13,0.035
2,2,Refrigerant Leak,Refrigerant Leak,0.0,0.0,1.0,0.0
3,3,Excess Oil,Excess Oil,0.045,0.0,0.02,0.935
0,0,Healthy,Healthy,0.91,0.0,0.07,0.02
2,2,Refrigerant Leak,Refrigerant Leak,0.02,0.0,0.97,0.01
2,2,Refrigerant Leak,Refrigerant Leak,0.055,0.0,0.92,0.025
3,3,Excess Oil,Excess Oil,0.155,0.0,0.13,0.715
1,1,Condenser Fouling,Condenser Fouling,0.12,0.88,0.0,0.0
1,1,Condenser Fouling,Condenser Fouling,0.04,0.96,0.0,0.0
0,1,Healthy,Condenser Fouling,0.225,0.775,0.0,0.0
0,2,Healthy,Refrigerant Leak,0.375,0.0,0.505,0.12
3,3,Excess Oil,Excess Oil,0.12,0.0,0.05,0.83
1,1,Condenser Fouling,Condenser Fouling,0.145,0.85,0.005,0.0
1,1,Condenser Fouling,Condenser Fouling,0.18,0.81,0.005,0.005
3,3,Excess Oil,Excess Oil,0.005,0.0,0.0,0.995
2,2,Refrigerant Leak,Refrigerant Leak,0.0,0.0,0.995,0.005
2,2,Refrigerant Leak,Refrigerant Leak,0.015,0.0,0.965,0.02
0,0,Healthy,Healthy,0.865,0.135,0.0,0.0
2,2,Refrigerant Leak,Refrigerant Leak,0.14,0.0,0.845,0.015
1,1,Condenser Fouling,Condenser Fouling,0.005,0.995,0.0,0.0
0,0,Healthy,Healthy,0.66,0.015,0.295,0.03
1,1,Condenser Fouling,Condenser Fouling,0.005,0.995,0.0,0.0
2,2,Refrigerant Leak,Refrigerant Leak,0.05,0.0,0.93,0.02
2,2,Refrigerant Leak,Refrigerant Leak,0.08,0.0,0.91,0.01
0,0,Healthy,Healthy,0.99,0.0,0.005,0.005
0,0,Healthy,Healthy,0.735,0.0,0.225,0.04
3,3,Excess Oil,Excess Oil,0.01,0.0,0.0,0.99
0,0,Healthy,Healthy,0.915,0.005,0.035,0.045
3,3,Excess Oil,Excess Oil,0.0,0.0,0.0,1.0
0,0,Healthy,Healthy,0.765,0.005,0.07,0.16
3,3,Excess Oil,Excess Oil,0.125,0.0,0.055,0.82
3,3,Excess Oil,Excess Oil,0.0,0.0,0.0,1.0
3,3,Excess Oil,Excess Oil,0.075,0.0,0.04,0.885
3,3,Excess Oil,Excess Oil,0.03,0.0,0.05,0.92
3,3,Excess Oil,Excess Oil,0.055,0.0,0.03,0.915
1,1,Condenser Fouling,Condenser Fouling,0.11,0.885,0.0,0.005
3,3,Excess Oil,Excess Oil,0.115,0.0,0.055,0.83
1,1,Condenser Fouling,Condenser Fouling,0.08,0.915,0.0,0.005
3,3,Excess Oil,Excess Oil,0.0,0.0,0.0,1.0
2,2,Refrigerant Leak,Refrigerant Leak,0.0,0.0,1.0,0.0
1,1,Condenser Fouling,Condenser Fouling,0.035,0.965,0.0,0.0
0,0,Healthy,Healthy,0.665,0.335,0.0,0.0
2,2,Refrigerant Leak,Refrigerant Leak,0.0,0.0,1.0,0.0
3,3,Excess Oil,Excess Oil,0.0,0.0,0.01,0.99
1,1,Condenser Fouling,Condenser Fouling,0.105,0.895,0.0,0.0
1,1,Condenser Fouling,Condenser Fouling,0.165,0.83,0.005,0.0
2,2,Refrigerant Leak,Refrigerant Leak,0.02,0.0,0.98,0.0
0,1,Healthy,Condenser Fouling,0.495,0.505,0.0,0.0
0,0,Healthy,Healthy,0.775,0.225,0.0,0.0
3,3,Excess Oil,Excess Oil,0.0,0.0,0.0,1.0
3,3,Excess Oil,Excess Oil,0.0,0.0,0.0,1.0
2,2,Refrigerant Leak,Refrigerant Leak,0.09,0.0,0.9,0.01
0,0,Healthy,Healthy,0.82,0.0,0.085,0.095
3,3,Excess Oil,Excess Oil,0.01,0.0,0.0,0.99
2,2,Refrigerant Leak,Refrigerant Leak,0.02,0.0,0.975,0.005
0,1,Healthy,Condenser Fouling,0.44,0.56,0.0,0.0
1,1,Condenser Fouling,Condenser Fouling,0.04,0.96,0.0,0.0
2,2,Refrigerant Leak,Refrigerant Leak,0.215,0.0,0.685,0.1
0,0,Healthy,Healthy,0.93,0.0,0.055,0.015
3,3,Excess Oil,Excess Oil,0.09,0.035,0.11,0.765
1,1,Condenser Fouling,Condenser Fouling,0.0,1.0,0.0,0.0
0,0,Healthy,Healthy,0.93,0.0,0.01,0.06
2,2,Refrigerant Leak,Refrigerant Leak,0.005,0.0,0.99,0.005
2,2,Refrigerant Leak,Refrigerant Leak,0.02,0.005,0.85,0.125
1,1,Condenser Fouling,Condenser Fouling,0.115,0.88,0.005,0.0
1,1,Condenser Fouling,Condenser Fouling,0.13,0.87,0.0,0.0
2,2,Refrigerant Leak,Refrigerant Leak,0.155,0.0,0.82,0.025
1,1,Condenser Fouling,Condenser Fouling,0.055,0.945,0.0,0.0
3,3,Excess Oil,Excess Oil,0.0,0.0,0.0,1.0
2,2,Refrigerant Leak,Refrigerant Leak,0.02,0.0,0.98,0.0
3,3,Excess Oil,Excess Oil,0.0,0.0,0.0,1.0
1,1,Condenser Fouling,Condenser Fouling,0.075,0.925,0.0,0.0
1,1,Condenser Fouling,Condenser Fouling,0.245,0.745,0.005,0.005
0,0,Healthy,Healthy,0.86,0.005,0.115,0.02
0,0,Healthy,Healthy,0.61,0.39,0.0,0.0
2,2,Refrigerant Leak,Refrigerant Leak,0.015,0.0,0.98,0.005
2,2,Refrigerant Leak,Refrigerant Leak,0.24,0.08,0.495,0.185
0,0,Healthy,Healthy,0.965,0.005,0.015,0.015
3,3,Excess Oil,Excess Oil,0.03,0.0,0.015,0.955
1,1,Condenser Fouling,Condenser Fouling,0.01,0.99,0.0,0.0
3,3,Excess Oil,Excess Oil,0.02,0.0,0.005,0.975
0,0,Healthy,Healthy,0.865,0.0,0.095,0.04
2,2,Refrigerant Leak,Refrigerant Leak,0.005,0.0,0.995,0.0
0,0,Healthy,Healthy,0.885,0.0,0.06,0.055
3,3,Excess Oil,Excess Oil,0.03,0.0,0.015,0.955
3,3,Excess Oil,Excess Oil,0.005,0.0,0.01,0.985
0,0,Healthy,Healthy,0.94,0.05,0.005,0.005
2,2,Refrigerant Leak,Refrigerant Leak,0.015,0.0,0.985,0.0
0,0,Healthy,Healthy,0.915,0.005,0.07,0.01
1,1,Condenser Fouling,Condenser Fouling,0.06,0.94,0.0,0.0
2,2,Refrigerant Leak,Refrigerant Leak,0.045,0.0,0.94,0.015
1,1,Condenser Fouling,Condenser Fouling,0.0,1.0,0.0,0.0
3,3,Excess Oil,Excess Oil,0.005,0.0,0.0,0.995
0,0,Healthy,Healthy,0.675,0.0,0.235,0.09
1,1,Condenser Fouling,Condenser Fouling,0.035,0.965,0.0,0.0
0,0,Healthy,Healthy,0.54,0.005,0.39,0.065
0,0,Healthy,Healthy,0.83,0.17,0.0,0.0
2,2,Refrigerant Leak,Refrigerant Leak,0.0,0.0,1.0,0.0
3,3,Excess Oil,Excess Oil,0.0,0.0,0.0,1.0
3,3,Excess Oil,Excess Oil,0.035,0.0,0.1,0.865
3,3,Excess Oil,Excess Oil,0.0,0.0,0.0,1.0
2,2,Refrigerant Leak,Refrigerant Leak,0.085,0.0,0.89,0.025
0,0,Healthy,Healthy,0.95,0.05,0.0,0.0
3,3,Excess Oil,Excess Oil,0.0,0.0,0.0,1.0
1,1,Condenser Fouling,Condenser Fouling,0.035,0.965,0.0,0.0
0,0,Healthy,Healthy,0.69,0.005,0.225,0.08
3,3,Excess Oil,Excess Oil,0.005,0.0,0.0,0.995
3,3,Excess Oil,Excess Oil,0.01,0.0,0.005,0.985
2,2,Refrigerant Leak,Refrigerant Leak,0.01,0.0,0.985,0.005
1,1,Condenser Fouling,Condenser Fouling,0.035,0.965,0.0,0.0
0,0,Healthy,Healthy,0.985,0.0,0.015,0.0
1,1,Condenser Fouling,Condenser Fouling,0.025,0.975,0.0,0.0
0,0,Healthy,Healthy,0.67,0.01,0.125,0.195
0,0,Healthy,Healthy,0.485,0.0,0.485,0.03
0,0,Healthy,Healthy,0.615,0.0,0.165,0.22
0,0,Healthy,Healthy,0.91,0.08,0.01,0.0
2,2,Refrigerant Leak,Refrigerant Leak,0.135,0.0,0.815,0.05
1,1,Condenser Fouling,Condenser Fouling,0.19,0.81,0.0,0.0
1,1,Condenser Fouling,Condenser Fouling,0.01,0.99,0.0,0.0
0,0,Healthy,Healthy,0.84,0.16,0.0,0.0
1,1,Condenser Fouling,Condenser Fouling,0.01,0.99,0.0,0.0
3,3,Excess Oil,Excess Oil,0.0,0.0,0.0,1.0
3,3,Excess Oil,Excess Oil,0.02,0.0,0.0,0.98
2,2,Refrigerant Leak,Refrigerant Leak,0.11,0.01,0.855,0.025
0,0,Healthy,Healthy,0.915,0.005,0.075,0.005
3,3,Excess Oil,Excess Oil,0.0,0.0,0.005,0.995
2,2,Refrigerant Leak,Refrigerant Leak,0.015,0.0,0.985,0.0
3,3,Excess Oil,Excess Oil,0.0,0.0,0.0,1.0
3,3,Excess Oil,Excess Oil,0.0,0.0,0.005,0.995
3,3,Excess Oil,Excess Oil,0.01,0.0,0.005,0.985
1,1,Condenser Fouling,Condenser Fouling,0.0,1.0,0.0,0.0
2,2,Refrigerant Leak,Refrigerant Leak,0.08,0.0,0.915,0.005
2,2,Refrigerant Leak,Refrigerant Leak,0.015,0.0,0.98,0.005
0,0,Healthy,Healthy,0.59,0.0,0.315,0.095
2,2,Refrigerant Leak,Refrigerant Leak,0.025,0.0,0.975,0.0
0,0,Healthy,Healthy,0.965,0.01,0.02,0.005
0,0,Healthy,Healthy,0.97,0.0,0.025,0.005
0,0,Healthy,Healthy,0.93,0.07,0.0,0.0
1,1,Condenser Fouling,Condenser Fouling,0.005,0.995,0.0,0.0
0,0,Healthy,Healthy,0.705,0.0,0.16,0.135
3,3,Excess Oil,Excess Oil,0.0,0.0,0.005,0.995
0,0,Healthy,Healthy,0.74,0.26,0.0,0.0
2,2,Refrigerant Leak,Refrigerant Leak,0.0,0.0,1.0,0.0
3,3,Excess Oil,Excess Oil,0.0,0.01,0.06,0.93
0,0,Healthy,Healthy,0.845,0.14,0.01,0.005
3,3,Excess Oil,Excess Oil,0.01,0.0,0.01,0.98
3,3,Excess Oil,Excess Oil,0.005,0.0,0.005,0.99
3,3,Excess Oil,Excess Oil,0.01,0.0,0.0,0.99
0,1,Healthy,Condenser Fouling,0.285,0.715,0.0,0.0
2,2,Refrigerant Leak,Refrigerant Leak,0.05,0.0,0.93,0.02
1,1,Condenser Fouling,Condenser Fouling,0.175,0.825,0.0,0.0
3,3,Excess Oil,Excess Oil,0.01,0.0,0.035,0.955
3,3,Excess Oil,Excess Oil,0.0,0.0,0.0,1.0
2,2,Refrigerant Leak,Refrigerant Leak,0.0,0.0,1.0,0.0
3,3,Excess Oil,Excess Oil,0.02,0.0,0.01,0.97
1,1,Condenser Fouling,Condenser Fouling,0.005,0.995,0.0,0.0
2,2,Refrigerant Leak,Refrigerant Leak,0.08,0.0,0.91,0.01
3,3,Excess Oil,Excess Oil,0.02,0.0,0.005,0.975
2,2,Refrigerant Leak,Refrigerant Leak,0.33,0.0,0.55,0.12
3,3,Excess Oil,Excess Oil,0.015,0.0,0.0,0.985
0,0,Healthy,Healthy,0.88,0.12,0.0,0.0
0,1,Healthy,Condenser Fouling,0.47,0.53,0.0,0.0
1,1,Condenser Fouling,Condenser Fouling,0.02,0.98,0.0,0.0
3,3,Excess Oil,Excess Oil,0.0,0.0,0.0,1.0
0,0,Healthy,Healthy,0.77,0.0,0.155,0.075
3,3,Excess Oil,Excess Oil,0.005,0.0,0.0,0.995
2,2,Refrigerant Leak,Refrigerant Leak,0.085,0.0,0.85,0.065
0,0,Healthy,Healthy,0.92,0.08,0.0,0.0
0,0,Healthy,Healthy,0.845,0.0,0.025,0.13
1,1,Condenser Fouling,Condenser Fouling,0.34,0.66,0.0,0.0
0,0,Healthy,Healthy,0.675,0.0,0.21,0.115
1,1,Condenser Fouling,Condenser Fouling,0.165,0.835,0.0,0.0
1,1,Condenser Fouling,Condenser Fouling,0.095,0.775,0.055,0.075
1,1,Condenser Fouling,Condenser Fouling,0.04,0.96,0.0,0.0
3,3,Excess Oil,Excess Oil,0.115,0.0,0.065,0.82
3,3,Excess Oil,Excess Oil,0.115,0.0,0.04,0.845
2,2,Refrigerant Leak,Refrigerant Leak,0.015,0.005,0.935,0.045
3,3,Excess Oil,Excess Oil,0.015,0.0,0.0,0.985
1,1,Condenser Fouling,Condenser Fouling,0.12,0.88,0.0,0.0
3,3,Excess Oil,Excess Oil,0.0,0.0,0.0,1.0
1,1,Condenser Fouling,Condenser Fouling,0.01,0.99,0.0,0.0
1,1,Condenser Fouling,Condenser Fouling,0.295,0.695,0.0,0.01
0,0,Healthy,Healthy,0.845,0.005,0.125,0.025
3,3,Excess Oil,Excess Oil,0.0,0.0,0.0,1.0
2,2,Refrigerant Leak,Refrigerant Leak,0.265,0.0,0.675,0.06
1,1,Condenser Fouling,Condenser Fouling,0.305,0.695,0.0,0.0
3,3,Excess Oil,Excess Oil,0.0,0.0,0.005,0.995
1,1,Condenser Fouling,Condenser Fouling,0.11,0.89,0.0,0.0
1,1,Condenser Fouling,Condenser Fouling,0.0,1.0,0.0,0.0
0,0,Healthy,Healthy,0.845,0.155,0.0,0.0
1,1,Condenser Fouling,Condenser Fouling,0.01,0.99,0.0,0.0
1,1,Condenser Fouling,Condenser Fouling,0.245,0.75,0.005,0.0
0,0,Healthy,Healthy,0.545,0.455,0.0,0.0
2,2,Refrigerant Leak,Refrigerant Leak,0.07,0.0,0.9,0.03
3,3,Excess Oil,Excess Oil,0.0,0.0,0.0,1.0
1,1,Condenser Fouling,Condenser Fouling,0.03,0.97,0.0,0.0
0,0,Healthy,Healthy,0.69,0.31,0.0,0.0
0,0,Healthy,Healthy,0.875,0.01,0.105,0.01
0,0,Healthy,Healthy,1.0,0.0,0.0,0.0
1,1,Condenser Fouling,Condenser Fouling,0.16,0.84,0.0,0.0
1,1,Condenser Fouling,Condenser Fouling,0.18,0.815,0.0,0.005
1,1,Condenser Fouling,Condenser Fouling,0.26,0.725,0.01,0.005
1,1,Condenser Fouling,Condenser Fouling,0.195,0.775,0.03,0.0
0,0,Healthy,Healthy,0.93,0.0,0.025,0.045
0,0,Healthy,Healthy,0.955,0.0,0.02,0.025
2,2,Refrigerant Leak,Refrigerant Leak,0.02,0.0,0.975,0.005
2,2,Refrigerant Leak,Refrigerant Leak,0.365,0.035,0.52,0.08
3,3,Excess Oil,Excess Oil,0.05,0.0,0.0,0.95
0,0,Healthy,Healthy,0.725,0.0,0.25,0.025
0,0,Healthy,Healthy,0.795,0.2,0.0,0.005
2,2,Refrigerant Leak,Refrigerant Leak,0.145,0.0,0.85,0.005
0,0,Healthy,Healthy,0.71,0.0,0.235,0.055
1,1,Condenser Fouling,Condenser Fouling,0.065,0.935,0.0,0.0
3,3,Excess Oil,Excess Oil,0.005,0.0,0.005,0.99
2,2,Refrigerant Leak,Refrigerant Leak,0.03,0.0,0.965,0.005
0,2,Healthy,Refrigerant Leak,0.295,0.0,0.665,0.04
2,2,Refrigerant Leak,Refrigerant Leak,0.03,0.0,0.965,0.005
2,2,Refrigerant Leak,Refrigerant Leak,0.035,0.0,0.965,0.0
1,1,Condenser Fouling,Condenser Fouling,0.025,0.975,0.0,0.0
1,1,Condenser Fouling,Condenser Fouling,0.115,0.885,0.0,0.0
2,2,Refrigerant Leak,Refrigerant Leak,0.05,0.0,0.94,0.01
0,0,Healthy,Healthy,0.575,0.01,0.23,0.185
1,1,Condenser Fouling,Condenser Fouling,0.01,0.99,0.0,0.0
3,3,Excess Oil,Excess Oil,0.015,0.0,0.0,0.985
1,1,Condenser Fouling,Condenser Fouling,0.025,0.975,0.0,0.0
0,0,Healthy,Healthy,0.785,0.0,0.2,0.015
1,1,Condenser Fouling,Condenser Fouling,0.015,0.985,0.0,0.0
0,0,Healthy,Healthy,0.875,0.015,0.085,0.025
2,2,Refrigerant Leak,Refrigerant Leak,0.035,0.0,0.965,0.0
2,2,Refrigerant Leak,Refrigerant Leak,0.005,0.0,0.99,0.005
2,2,Refrigerant Leak,Refrigerant Leak,0.13,0.0,0.865,0.005
0,0,Healthy,Healthy,0.96,0.005,0.03,0.005
0,0,Healthy,Healthy,0.89,0.105,0.005,0.0
1,1,Condenser Fouling,Condenser Fouling,0.0,1.0,0.0,0.0
3,3,Excess Oil,Excess Oil,0.0,0.0,0.0,1.0
2,2,Refrigerant Leak,Refrigerant Leak,0.09,0.0,0.9,0.01
2,2,Refrigerant Leak,Refrigerant Leak,0.0,0.0,1.0,0.0
0,0,Healthy,Healthy,0.85,0.15,0.0,0.0
3,3,Excess Oil,Excess Oil,0.005,0.0,0.01,0.985
1,1,Condenser Fouling,Condenser Fouling,0.005,0.995,0.0,0.0
0,0,Healthy,Healthy,0.945,0.01,0.025,0.02
0,0,Healthy,Healthy,0.805,0.005,0.16,0.03
2,2,Refrigerant Leak,Refrigerant Leak,0.055,0.0,0.935,0.01
0,0,Healthy,Healthy,0.955,0.045,0.0,0.0
1,1,Condenser Fouling,Condenser Fouling,0.0,1.0,0.0,0.0
1,1,Condenser Fouling,Condenser Fouling,0.37,0.625,0.0,0.005
0,0,Healthy,Healthy,0.69,0.31,0.0,0.0
0,0,Healthy,Healthy,0.895,0.105,0.0,0.0
3,3,Excess Oil,Excess Oil,0.01,0.0,0.0,0.99
0,0,Healthy,Healthy,0.82,0.0,0.04,0.14
1,1,Condenser Fouling,Condenser Fouling,0.015,0.985,0.0,0.0
3,3,Excess Oil,Excess Oil,0.14,0.0,0.195,0.665
0,0,Healthy,Healthy,0.81,0.185,0.005,0.0
0,0,Healthy,Healthy,0.78,0.0,0.13,0.09
2,2,Refrigerant Leak,Refrigerant Leak,0.1,0.0,0.89,0.01
2,2,Refrigerant Leak,Refrigerant Leak,0.005,0.0,0.995,0.0
2,2,Refrigerant Leak,Refrigerant Leak,0.005,0.0,0.995,0.0
0,0,Healthy,Healthy,0.675,0.0,0.195,0.13
1,1,Condenser Fouling,Condenser Fouling,0.0,1.0,0.0,0.0
2,2,Refrigerant Leak,Refrigerant Leak,0.045,0.0,0.94,0.015
1,1,Condenser Fouling,Condenser Fouling,0.015,0.985,0.0,0.0
1,1,Condenser Fouling,Condenser Fouling,0.03,0.97,0.0,0.0
3,3,Excess Oil,Excess Oil,0.0,0.0,0.0,1.0
2,2,Refrigerant Leak,Refrigerant Leak,0.02,0.0,0.935,0.045
3,3,Excess Oil,Excess Oil,0.01,0.0,0.0,0.99
3,3,Excess Oil,Excess Oil,0.0,0.0,0.0,1.0
1,1,Condenser Fouling,Condenser Fouling,0.0,1.0,0.0,0.0
2,2,Refrigerant Leak,Refrigerant Leak,0.065,0.005,0.9,0.03
0,0,Healthy,Healthy,0.925,0.025,0.04,0.01
1,1,Condenser Fouling,Condenser Fouling,0.005,0.995,0.0,0.0
0,0,Healthy,Healthy,0.62,0.37,0.005,0.005
2,2,Refrigerant Leak,Refrigerant Leak,0.145,0.0,0.84,0.015
1,1,Condenser Fouling,Condenser Fouling,0.005,0.98,0.0,0.015
0,0,Healthy,Healthy,0.89,0.01,0.07,0.03
0,0,Healthy,Healthy,0.95,0.0,0.035,0.015
0,0,Healthy,Healthy,0.875,0.015,0.1,0.01
2,2,Refrigerant Leak,Refrigerant Leak,0.14,0.005,0.835,0.02
1,0,Condenser Fouling,Healthy,0.525,0.47,0.005,0.0
1,1,Condenser Fouling,Condenser Fouling,0.105,0.895,0.0,0.0
2,2,Refrigerant Leak,Refrigerant Leak,0.075,0.0,0.915,0.01
3,3,Excess Oil,Excess Oil,0.09,0.0,0.055,0.855
3,3,Excess Oil,Excess Oil,0.0,0.0,0.0,1.0
3,3,Excess Oil,Excess Oil,0.0,0.0,0.005,0.995
0,0,Healthy,Healthy,0.91,0.09,0.0,0.0
2,2,Refrigerant Leak,Refrigerant Leak,0.06,0.0,0.93,0.01
3,3,Excess Oil,Excess Oil,0.015,0.0,0.0,0.985
1,1,Condenser Fouling,Condenser Fouling,0.005,0.995,0.0,0.0
0,0,Healthy,Healthy,0.87,0.13,0.0,0.0
0,0,Healthy,Healthy,0.62,0.0,0.21,0.17
0,0,Healthy,Healthy,0.875,0.0,0.08,0.045
0,0,Healthy,Healthy,0.745,0.025,0.22,0.01
1,1,Condenser Fouling,Condenser Fouling,0.03,0.97,0.0,0.0
2,2,Refrigerant Leak,Refrigerant Leak,0.07,0.0,0.905,0.025
3,3,Excess Oil,Excess Oil,0.0,0.0,0.0,1.0
0,0,Healthy,Healthy,0.76,0.005,0.215,0.02
1,1,Condenser Fouling,Condenser Fouling,0.015,0.98,0.0,0.005
2,2,Refrigerant Leak,Refrigerant Leak,0.015,0.0,0.985,0.0
2,2,Refrigerant Leak,Refrigerant Leak,0.03,0.0,0.965,0.005
1,1,Condenser Fouling,Condenser Fouling,0.015,0.985,0.0,0.0
0,0,Healthy,Healthy,0.905,0.055,0.02,0.02
1,1,Condenser Fouling,Condenser Fouling,0.03,0.97,0.0,0.0
2,2,Refrigerant Leak,Refrigerant Leak,0.09,0.0,0.86,0.05
1,1,Condenser Fouling,Condenser Fouling,0.01,0.99,0.0,0.0
0,0,Healthy,Healthy,0.98,0.01,0.0,0.01
0,0,Healthy,Healthy,0.835,0.0,0.15,0.015
1,1,Condenser Fouling,Condenser Fouling,0.085,0.915,0.0,0.0
3,3,Excess Oil,Excess Oil,0.0,0.0,0.0,1.0
3,3,Excess Oil,Excess Oil,0.0,0.0,0.0,1.0
0,0,Healthy,Healthy,0.665,0.0,0.295,0.04
1,1,Condenser Fouling,Condenser Fouling,0.075,0.925,0.0,0.0
2,2,Refrigerant Leak,Refrigerant Leak,0.23,0.005,0.705,0.06
2,2,Refrigerant Leak,Refrigerant Leak,0.07,0.0,0.88,0.05
2,2,Refrigerant Leak,Refrigerant Leak,0.055,0.0,0.925,0.02
0,0,Healthy,Healthy,0.71,0.29,0.0,0.0
1,1,Condenser Fouling,Condenser Fouling,0.005,0.995,0.0,0.0
2,2,Refrigerant Leak,Refrigerant Leak,0.1,0.0,0.885,0.015
3,3,Excess Oil,Excess Oil,0.0,0.0,0.0,1.0
3,3,Excess Oil,Excess Oil,0.005,0.005,0.0,0.99
2,2,Refrigerant Leak,Refrigerant Leak,0.16,0.0,0.795,0.045
2,2,Refrigerant Leak,Refrigerant Leak,0.135,0.005,0.84,0.02
0,0,Healthy,Healthy,0.83,0.005,0.165,0.0
1,1,Condenser Fouling,Condenser Fouling,0.14,0.855,0.0,0.005
2,2,Refrigerant Leak,Refrigerant Leak,0.04,0.0,0.94,0.02
1,1,Condenser Fouling,Condenser Fouling,0.005,0.995,0.0,0.0
3,2,Excess Oil,Refrigerant Leak,0.295,0.0,0.405,0.3
0,0,Healthy,Healthy,0.945,0.01,0.025,0.02
1,1,Condenser Fouling,Condenser Fouling,0.3,0.7,0.0,0.0
2,2,Refrigerant Leak,Refrigerant Leak,0.02,0.0,0.935,0.045
1,1,Condenser Fouling,Condenser Fouling,0.155,0.845,0.0,0.0
2,2,Refrigerant Leak,Refrigerant Leak,0.39,0.0,0.52,0.09
0,0,Healthy,Healthy,0.83,0.17,0.0,0.0
2,2,Refrigerant Leak,Refrigerant Leak,0.11,0.0,0.85,0.04
3,3,Excess Oil,Excess Oil,0.055,0.0,0.045,0.9
2,2,Refrigerant Leak,Refrigerant Leak,0.005,0.0,0.995,0.0
3,3,Excess Oil,Excess Oil,0.0,0.0,0.0,1.0
0,0,Healthy,Healthy,0.96,0.02,0.015,0.005
1,1,Condenser Fouling,Condenser Fouling,0.305,0.69,0.0,0.005
3,3,Excess Oil,Excess Oil,0.005,0.0,0.005,0.99
2,2,Refrigerant Leak,Refrigerant Leak,0.03,0.0,0.94,0.03
0,0,Healthy,Healthy,0.805,0.0,0.09,0.105
1,1,Condenser Fouling,Condenser Fouling,0.065,0.935,0.0,0.0
2,2,Refrigerant Leak,Refrigerant Leak,0.015,0.0,0.985,0.0
3,3,Excess Oil,Excess Oil,0.0,0.0,0.0,1.0
2,2,Refrigerant Leak,Refrigerant Leak,0.0,0.0,1.0,0.0
2,2,Refrigerant Leak,Refrigerant Leak,0.075,0.0,0.905,0.02
2,2,Refrigerant Leak,Refrigerant Leak,0.19,0.0,0.81,0.0
2,2,Refrigerant Leak,Refrigerant Leak,0.005,0.0,0.995,0.0
2,2,Refrigerant Leak,Refrigerant Leak,0.23,0.17,0.545,0.055
3,3,Excess Oil,Excess Oil,0.045,0.0,0.01,0.945
0,0,Healthy,Healthy,0.72,0.01,0.26,0.01
2,2,Refrigerant Leak,Refrigerant Leak,0.0,0.0,1.0,0.0
2,2,Refrigerant Leak,Refrigerant Leak,0.065,0.0,0.795,0.14
2,2,Refrigerant Leak,Refrigerant Leak,0.005,0.0,0.99,0.005
1,1,Condenser Fouling,Condenser Fouling,0.0,1.0,0.0,0.0
0,0,Healthy,Healthy,0.835,0.165,0.0,0.0
3,3,Excess Oil,Excess Oil,0.0,0.0,0.0,1.0
3,3,Excess Oil,Excess Oil,0.015,0.0,0.005,0.98
3,3,Excess Oil,Excess Oil,0.09,0.005,0.01,0.895
3,3,Excess Oil,Excess Oil,0.055,0.0,0.045,0.9
0,1,Healthy,Condenser Fouling,0.33,0.35,0.175,0.145
2,2,Refrigerant Leak,Refrigerant Leak,0.03,0.0,0.965,0.005
1,1,Condenser Fouling,Condenser Fouling,0.095,0.83,0.045,0.03
3,3,Excess Oil,Excess Oil,0.02,0.0,0.02,0.96
0,0,Healthy,Healthy,0.755,0.0,0.195,0.05
1,1,Condenser Fouling,Condenser Fouling,0.09,0.91,0.0,0.0
1,1,Condenser Fouling,Condenser Fouling,0.035,0.96,0.0,0.005
1,1,Condenser Fouling,Condenser Fouling,0.035,0.96,0.005,0.0
1,1,Condenser Fouling,Condenser Fouling,0.005,0.995,0.0,0.0
1,1,Condenser Fouling,Condenser Fouling,0.01,0.99,0.0,0.0
2,2,Refrigerant Leak,Refrigerant Leak,0.005,0.0,0.995,0.0
3,3,Excess Oil,Excess Oil,0.005,0.0,0.01,0.985
0,0,Healthy,Healthy,0.67,0.005,0.265,0.06
1,1,Condenser Fouling,Condenser Fouling,0.015,0.985,0.0,0.0
3,3,Excess Oil,Excess Oil,0.0,0.0,0.0,1.0
2,2,Refrigerant Leak,Refrigerant Leak,0.02,0.0,0.98,0.0
0,0,Healthy,Healthy,0.76,0.0,0.125,0.115
3,3,Excess Oil,Excess Oil,0.065,0.015,0.01,0.91
2,2,Refrigerant Leak,Refrigerant Leak,0.015,0.0,0.98,0.005
3,3,Excess Oil,Excess Oil,0.0,0.0,0.0,1.0
3,3,Excess Oil,Excess Oil,0.02,0.015,0.065,0.9
1,1,Condenser Fouling,Condenser Fouling,0.05,0.95,0.0,0.0
3,3,Excess Oil,Excess Oil,0.0,0.0,0.0,1.0
1,1,Condenser Fouling,Condenser Fouling,0.15,0.85,0.0,0.0
3,3,Excess Oil,Excess Oil,0.015,0.0,0.005,0.98
1,1,Condenser Fouling,Condenser Fouling,0.035,0.965,0.0,0.0
1,1,Condenser Fouling,Condenser Fouling,0.0,1.0,0.0,0.0
1,1,Condenser Fouling,Condenser Fouling,0.195,0.805,0.0,0.0
1,1,Condenser Fouling,Condenser Fouling,0.035,0.965,0.0,0.0
2,2,Refrigerant Leak,Refrigerant Leak,0.065,0.0,0.91,0.025
0,0,Healthy,Healthy,0.85,0.15,0.0,0.0
2,2,Refrigerant Leak,Refrigerant Leak,0.075,0.0,0.925,0.0
1,1,Condenser Fouling,Condenser Fouling,0.345,0.655,0.0,0.0
1,1,Condenser Fouling,Condenser Fouling,0.215,0.78,0.005,0.0
2,2,Refrigerant Leak,Refrigerant Leak,0.06,0.0,0.925,0.015
0,0,Healthy,Healthy,0.985,0.0,0.005,0.01
3,3,Excess Oil,Excess Oil,0.175,0.0,0.02,0.805
0,0,Healthy,Healthy,0.465,0.11,0.38,0.045
3,3,Excess Oil,Excess Oil,0.0,0.0,0.0,1.0
0,0,Healthy,Healthy,0.845,0.0,0.135,0.02
1,1,Condenser Fouling,Condenser Fouling,0.06,0.94,0.0,0.0
2,2,Refrigerant Leak,Refrigerant Leak,0.015,0.0,0.985,0.0
0,0,Healthy,Healthy,0.935,0.0,0.065,0.0
2,2,Refrigerant Leak,Refrigerant Leak,0.01,0.0,0.985,0.005
0,0,Healthy,Healthy,0.8,0.2,0.0,0.0
3,3,Excess Oil,Excess Oil,0.0,0.0,0.0,1.0
3,3,Excess Oil,Excess Oil,0.0,0.0,0.0,1.0
3,3,Excess Oil,Excess Oil,0.0,0.0,0.0,1.0
1,1,Condenser Fouling,Condenser Fouling,0.04,0.96,0.0,0.0
0,0,Healthy,Healthy,0.745,0.255,0.0,0.0
1,1,Condenser Fouling,Condenser Fouling,0.305,0.695,0.0,0.0
1,1,Condenser Fouling,Condenser Fouling,0.08,0.92,0.0,0.0
1,1,Condenser Fouling,Condenser Fouling,0.005,0.995,0.0,0.0
3,3,Excess Oil,Excess Oil,0.0,0.0,0.0,1.0
0,1,Healthy,Condenser Fouling,0.455,0.545,0.0,0.0
0,0,Healthy,Healthy,0.945,0.02,0.015,0.02
3,3,Excess Oil,Excess Oil,0.015,0.0,0.005,0.98
0,2,Healthy,Refrigerant Leak,0.425,0.03,0.49,0.055
0,0,Healthy,Healthy,0.805,0.195,0.0,0.0
1,1,Condenser Fouling,Condenser Fouling,0.0,1.0,0.0,0.0
2,2,Refrigerant Leak,Refrigerant Leak,0.13,0.0,0.84,0.03
2,2,Refrigerant Leak,Refrigerant Leak,0.03,0.0,0.97,0.0
2,2,Refrigerant Leak,Refrigerant Leak,0.105,0.0,0.875,0.02
3,3,Excess Oil,Excess Oil,0.0,0.0,0.0,1.0
2,2,Refrigerant Leak,Refrigerant Leak,0.01,0.0,0.98,0.01
0,0,Healthy,Healthy,0.985,0.0,0.015,0.0
3,3,Excess Oil,Excess Oil,0.005,0.0,0.015,0.98
0,0,Healthy,Healthy,0.84,0.0,0.04,0.12
0,0,Healthy,Healthy,0.85,0.145,0.005,0.0
3,3,Excess Oil,Excess Oil,0.02,0.0,0.015,0.965
0,0,Healthy,Healthy,0.935,0.065,0.0,0.0
2,2,Refrigerant Leak,Refrigerant Leak,0.18,0.0,0.795,0.025
1,1,Condenser Fouling,Condenser Fouling,0.045,0.955,0.0,0.0
0,0,Healthy,Healthy,0.685,0.315,0.0,0.0
2,2,Refrigerant Leak,Refrigerant Leak,0.02,0.0,0.98,0.0
0,0,Healthy,Healthy,0.715,0.0,0.215,0.07
2,2,Refrigerant Leak,Refrigerant Leak,0.0,0.0,1.0,0.0
2,2,Refrigerant Leak,Refrigerant Leak,0.285,0.0,0.64,0.075
2,2,Refrigerant Leak,Refrigerant Leak,0.005,0.0,0.995,0.0
3,3,Excess Oil,Excess Oil,0.0,0.0,0.0,1.0
2,2,Refrigerant Leak,Refrigerant Leak,0.135,0.0,0.85,0.015
1,1,Condenser Fouling,Condenser Fouling,0.09,0.905,0.005,0.0
3,3,Excess Oil,Excess Oil,0.0,0.0,0.0,1.0
1,1,Condenser Fouling,Condenser Fouling,0.13,0.87,0.0,0.0
0,0,Healthy,Healthy,0.78,0.0,0.165,0.055
3,3,Excess Oil,Excess Oil,0.015,0.0,0.005,0.98
0,0,Healthy,Healthy,0.85,0.0,0.02,0.13
1,1,Condenser Fouling,Condenser Fouling,0.055,0.945,0.0,0.0
3,3,Excess Oil,Excess Oil,0.0,0.0,0.0,1.0
1,1,Condenser Fouling,Condenser Fouling,0.0,1.0,0.0,0.0
2,2,Refrigerant Leak,Refrigerant Leak,0.165,0.0,0.815,0.02
1,1,Condenser Fouling,Condenser Fouling,0.02,0.98,0.0,0.0
0,0,Healthy,Healthy,0.675,0.0,0.305,0.02
0,0,Healthy,Healthy,0.79,0.205,0.0,0.005
3,3,Excess Oil,Excess Oil,0.035,0.0,0.01,0.955
1,1,Condenser Fouling,Condenser Fouling,0.275,0.725,0.0,0.0
3,3,Excess Oil,Excess Oil,0.0,0.0,0.0,1.0
0,0,Healthy,Healthy,0.965,0.035,0.0,0.0
3,3,Excess Oil,Excess Oil,0.01,0.0,0.005,0.985
3,3,Excess Oil,Excess Oil,0.0,0.0,0.0,1.0
1,1,Condenser Fouling,Condenser Fouling,0.02,0.98,0.0,0.0
2,2,Refrigerant Leak,Refrigerant Leak,0.105,0.0,0.88,0.015
2,2,Refrigerant Leak,Refrigerant Leak,0.07,0.0,0.91,0.02
2,2,Refrigerant Leak,Refrigerant Leak,0.005,0.0,0.995,0.0
0,0,Healthy,Healthy,0.905,0.005,0.03,0.06
3,3,Excess Oil,Excess Oil,0.015,0.0,0.005,0.98
2,2,Refrigerant Leak,Refrigerant Leak,0.02,0.0,0.94,0.04
2,2,Refrigerant Leak,Refrigerant Leak,0.14,0.0,0.855,0.005
0,0,Healthy,Healthy,0.575,0.01,0.255,0.16
3,3,Excess Oil,Excess Oil,0.0,0.0,0.0,1.0
3,3,Excess Oil,Excess Oil,0.0,0.0,0.0,1.0
1,1,Condenser Fouling,Condenser Fouling,0.055,0.945,0.0,0.0
1,1,Condenser Fouling,Condenser Fouling,0.125,0.875,0.0,0.0
2,2,Refrigerant Leak,Refrigerant Leak,0.07,0.0,0.925,0.005
3,3,Excess Oil,Excess Oil,0.0,0.0,0.0,1.0
1,1,Condenser Fouling,Condenser Fouling,0.1,0.9,0.0,0.0
2,2,Refrigerant Leak,Refrigerant Leak,0.005,0.0,0.995,0.0
2,2,Refrigerant Leak,Refrigerant Leak,0.015,0.0,0.985,0.0
2,2,Refrigerant Leak,Refrigerant Leak,0.005,0.0,0.99,0.005
3,3,Excess Oil,Excess Oil,0.0,0.0,0.0,1.0
3,3,Excess Oil,Excess Oil,0.03,0.005,0.015,0.95
3,3,Excess Oil,Excess Oil,0.0,0.0,0.005,0.995
1,1,Condenser Fouling,Condenser Fouling,0.015,0.985,0.0,0.0
3,3,Excess Oil,Excess Oil,0.03,0.0,0.015,0.955
3,3,Excess Oil,Excess Oil,0.11,0.005,0.03,0.855
1,1,Condenser Fouling,Condenser Fouling,0.01,0.99,0.0,0.0
3,3,Excess Oil,Excess Oil,0.0,0.0,0.0,1.0
1,1,Condenser Fouling,Condenser Fouling,0.32,0.68,0.0,0.0
1,1,Condenser Fouling,Condenser Fouling,0.02,0.98,0.0,0.0
0,0,Healthy,Healthy,0.955,0.045,0.0,0.0
2,2,Refrigerant Leak,Refrigerant Leak,0.01,0.0,0.99,0.0
1,1,Condenser Fouling,Condenser Fouling,0.19,0.8,0.005,0.005
1,1,Condenser Fouling,Condenser Fouling,0.135,0.86,0.005,0.0
1,1,Condenser Fouling,Condenser Fouling,0.24,0.575,0.12,0.065
1,1,Condenser Fouling,Condenser Fouling,0.065,0.935,0.0,0.0
1,1,Condenser Fouling,Condenser Fouling,0.035,0.96,0.0,0.005
2,2,Refrigerant Leak,Refrigerant Leak,0.005,0.0,0.995,0.0
2,2,Refrigerant Leak,Refrigerant Leak,0.105,0.0,0.875,0.02
0,0,Healthy,Healthy,0.875,0.0,0.065,0.06
3,3,Excess Oil,Excess Oil,0.0,0.0,0.0,1.0
0,0,Healthy,Healthy,0.675,0.325,0.0,0.0
0,1,Healthy,Condenser Fouling,0.22,0.78,0.0,0.0
3,3,Excess Oil,Excess Oil,0.0,0.0,0.0,1.0
1,1,Condenser Fouling,Condenser Fouling,0.06,0.94,0.0,0.0
1,1,Condenser Fouling,Condenser Fouling,0.01,0.99,0.0,0.0
1,1,Condenser Fouling,Condenser Fouling,0.13,0.85,0.01,0.01
1,1,Condenser Fouling,Condenser Fouling,0.075,0.925,0.0,0.0
2,2,Refrigerant Leak,Refrigerant Leak,0.04,0.0,0.96,0.0
0,0,Healthy,Healthy,0.76,0.0,0.185,0.055
1,1,Condenser Fouling,Condenser Fouling,0.05,0.945,0.0,0.005
0,0,Healthy,Healthy,0.98,0.005,0.015,0.0
3,3,Excess Oil,Excess Oil,0.045,0.0,0.075,0.88
2,2,Refrigerant Leak,Refrigerant Leak,0.42,0.01,0.47,0.1
1,1,Condenser Fouling,Condenser Fouling,0.12,0.875,0.0,0.005
2,2,Refrigerant Leak,Refrigerant Leak,0.13,0.0,0.86,0.01
2,2,Refrigerant Leak,Refrigerant Leak,0.04,0.0,0.95,0.01
2,2,Refrigerant Leak,Refrigerant Leak,0.205,0.005,0.73,0.06
2,2,Refrigerant Leak,Refrigerant Leak,0.055,0.005,0.915,0.025
1,1,Condenser Fouling,Condenser Fouling,0.005,0.995,0.0,0.0
3,3,Excess Oil,Excess Oil,0.05,0.0,0.005,0.945
2,2,Refrigerant Leak,Refrigerant Leak,0.28,0.0,0.685,0.035
0,0,Healthy,Healthy,0.76,0.24,0.0,0.0
2,2,Refrigerant Leak,Refrigerant Leak,0.01,0.0,0.99,0.0
1,1,Condenser Fouling,Condenser Fouling,0.065,0.935,0.0,0.0
3,3,Excess Oil,Excess Oil,0.0,0.0,0.0,1.0
0,0,Healthy,Healthy,0.985,0.0,0.01,0.005
0,0,Healthy,Healthy,0.66,0.34,0.0,0.0
3,3,Excess Oil,Excess Oil,0.0,0.0,0.0,1.0
2,2,Refrigerant Leak,Refrigerant Leak,0.175,0.0,0.61,0.215
3,3,Excess Oil,Excess Oil,0.005,0.0,0.01,0.985
0,0,Healthy,Healthy,0.93,0.005,0.065,0.0
1,1,Condenser Fouling,Condenser Fouling,0.025,0.975,0.0,0.0
1,1,Condenser Fouling,Condenser Fouling,0.0,1.0,0.0,0.0
0,0,Healthy,Healthy,0.785,0.205,0.005,0.005
1,1,Condenser Fouling,Condenser Fouling,0.06,0.94,0.0,0.0
3,3,Excess Oil,Excess Oil,0.0,0.0,0.0,1.0
2,2,Refrigerant Leak,Refrigerant Leak,0.1,0.0,0.88,0.02
2,2,Refrigerant Leak,Refrigerant Leak,0.03,0.0,0.96,0.01
3,3,Excess Oil,Excess Oil,0.25,0.0,0.035,0.715
2,2,Refrigerant Leak,Refrigerant Leak,0.055,0.0,0.945,0.0
3,3,Excess Oil,Excess Oil,0.025,0.0,0.02,0.955
2,2,Refrigerant Leak,Refrigerant Leak,0.11,0.0,0.85,0.04
2,2,Refrigerant Leak,Refrigerant Leak,0.03,0.0,0.965,0.005
3,3,Excess Oil,Excess Oil,0.09,0.0,0.115,0.795
2,2,Refrigerant Leak,Refrigerant Leak,0.17,0.005,0.81,0.015
0,0,Healthy,Healthy,0.68,0.32,0.0,0.0
2,2,Refrigerant Leak,Refrigerant Leak,0.02,0.0,0.965,0.015
2,2,Refrigerant Leak,Refrigerant Leak,0.105,0.005,0.865,0.025
2,2,Refrigerant Leak,Refrigerant Leak,0.085,0.0,0.88,0.035
1,1,Condenser Fouling,Condenser Fouling,0.035,0.965,0.0,0.0
3,3,Excess Oil,Excess Oil,0.0,0.0,0.0,1.0
0,0,Healthy,Healthy,0.935,0.0,0.04,0.025
0,0,Healthy,Healthy,0.905,0.095,0.0,0.0
2,2,Refrigerant Leak,Refrigerant Leak,0.015,0.0,0.985,0.0
2,2,Refrigerant Leak,Refrigerant Leak,0.145,0.0,0.83,0.025
3,3,Excess Oil,Excess Oil,0.12,0.0,0.01,0.87
1,1,Condenser Fouling,Condenser Fouling,0.035,0.965,0.0,0.0
0,1,Healthy,Condenser Fouling,0.305,0.695,0.0,0.0
2,2,Refrigerant Leak,Refrigerant Leak,0.085,0.0,0.89,0.025
1,1,Condenser Fouling,Condenser Fouling,0.005,0.995,0.0,0.0
3,3,Excess Oil,Excess Oil,0.0,0.0,0.005,0.995
0,0,Healthy,Healthy,0.885,0.015,0.075,0.025
1,1,Condenser Fouling,Condenser Fouling,0.075,0.925,0.0,0.0
0,0,Healthy,Healthy,0.94,0.0,0.01,0.05
0,0,Healthy,Healthy,0.685,0.005,0.205,0.105
2,2,Refrigerant Leak,Refrigerant Leak,0.055,0.0,0.9,0.045
0,1,Healthy,Condenser Fouling,0.38,0.62,0.0,0.0
0,0,Healthy,Healthy,0.835,0.06,0.045,0.06
1,1,Condenser Fouling,Condenser Fouling,0.22,0.78,0.0,0.0
0,0,Healthy,Healthy,0.98,0.005,0.015,0.0
0,0,Healthy,Healthy,0.935,0.065,0.0,0.0
2,2,Refrigerant Leak,Refrigerant Leak,0.255,0.005,0.66,0.08
0,0,Healthy,Healthy,0.95,0.005,0.03,0.015
0,0,Healthy,Healthy,0.485,0.0,0.41,0.105
1,1,Condenser Fouling,Condenser Fouling,0.14,0.86,0.0,0.0
3,3,Excess Oil,Excess Oil,0.0,0.0,0.0,1.0
2,2,Refrigerant Leak,Refrigerant Leak,0.025,0.0,0.97,0.005
3,3,Excess Oil,Excess Oil,0.025,0.0,0.015,0.96
2,2,Refrigerant Leak,Refrigerant Leak,0.155,0.0,0.835,0.01
0,0,Healthy,Healthy,0.695,0.01,0.225,0.07
0,0,Healthy,Healthy,0.59,0.0,0.19,0.22
3,3,Excess Oil,Excess Oil,0.01,0.0,0.005,0.985
2,2,Refrigerant Leak,Refrigerant Leak,0.0,0.0,1.0,0.0
3,3,Excess Oil,Excess Oil,0.005,0.0,0.0,0.995
3,3,Excess Oil,Excess Oil,0.0,0.0,0.0,1.0
1,1,Condenser Fouling,Condenser Fouling,0.06,0.94,0.0,0.0
2,2,Refrigerant Leak,Refrigerant Leak,0.085,0.0,0.875,0.04
1,1,Condenser Fouling,Condenser Fouling,0.365,0.63,0.005,0.0
2,2,Refrigerant Leak,Refrigerant Leak,0.045,0.0,0.945,0.01
3,3,Excess Oil,Excess Oil,0.015,0.0,0.0,0.985
3,3,Excess Oil,Excess Oil,0.02,0.005,0.01,0.965
2,2,Refrigerant Leak,Refrigerant Leak,0.01,0.0,0.99,0.0
3,3,Excess Oil,Excess Oil,0.015,0.0,0.0,0.985
1,1,Condenser Fouling,Condenser Fouling,0.1,0.9,0.0,0.0
0,0,Healthy,Healthy,0.625,0.0,0.345,0.03
0,0,Healthy,Healthy,0.675,0.0,0.19,0.135
0,0,Healthy,Healthy,0.8,0.0,0.105,0.095
3,3,Excess Oil,Excess Oil,0.055,0.0,0.03,0.915
3,3,Excess Oil,Excess Oil,0.175,0.0,0.045,0.78
1,1,Condenser Fouling,Condenser Fouling,0.105,0.885,0.005,0.005
2,2,Refrigerant Leak,Refrigerant Leak,0.075,0.0,0.885,0.04
3,3,Excess Oil,Excess Oil,0.0,0.0,0.0,1.0
0,2,Healthy,Refrigerant Leak,0.46,0.005,0.505,0.03
1,1,Condenser Fouling,Condenser Fouling,0.015,0.985,0.0,0.0
1,1,Condenser Fouling,Condenser Fouling,0.14,0.86,0.0,0.0
1,1,Condenser Fouling,Condenser Fouling,0.29,0.71,0.0,0.0
0,0,Healthy,Healthy,0.84,0.0,0.095,0.065
2,2,Refrigerant Leak,Refrigerant Leak,0.005,0.0,0.99,0.005
2,2,Refrigerant Leak,Refrigerant Leak,0.135,0.0,0.865,0.0
1,1,Condenser Fouling,Condenser Fouling,0.085,0.915,0.0,0.0
3,3,Excess Oil,Excess Oil,0.0,0.0,0.0,1.0
0,0,Healthy,Healthy,0.815,0.17,0.01,0.005
1,1,Condenser Fouling,Condenser Fouling,0.31,0.69,0.0,0.0
1,1,Condenser Fouling,Condenser Fouling,0.17,0.815,0.015,0.0
2,2,Refrigerant Leak,Refrigerant Leak,0.055,0.0,0.92,0.025
0,0,Healthy,Healthy,0.9,0.1,0.0,0.0
3,3,Excess Oil,Excess Oil,0.085,0.0,0.045,0.87
1,1,Condenser Fouling,Condenser Fouling,0.035,0.965,0.0,0.0
3,3,Excess Oil,Excess Oil,0.03,0.005,0.01,0.955
3,3,Excess Oil,Excess Oil,0.0,0.0,0.0,1.0
2,2,Refrigerant Leak,Refrigerant Leak,0.045,0.0,0.945,0.01
0,0,Healthy,Healthy,0.99,0.0,0.01,0.0
2,2,Refrigerant Leak,Refrigerant Leak,0.05,0.005,0.9,0.045
2,2,Refrigerant Leak,Refrigerant Leak,0.01,0.0,0.99,0.0
2,2,Refrigerant Leak,Refrigerant Leak,0.105,0.0,0.885,0.01
1,1,Condenser Fouling,Condenser Fouling,0.13,0.845,0.015,0.01
2,2,Refrigerant Leak,Refrigerant Leak,0.005,0.0,0.995,0.0
1,1,Condenser Fouling,Condenser Fouling,0.005,0.995,0.0,0.0
1,1,Condenser Fouling,Condenser Fouling,0.115,0.885,0.0,0.0
0,0,Healthy,Healthy,0.935,0.0,0.04,0.025
2,2,Refrigerant Leak,Refrigerant Leak,0.115,0.005,0.83,0.05
3,3,Excess Oil,Excess Oil,0.0,0.0,0.005,0.995
2,2,Refrigerant Leak,Refrigerant Leak,0.015,0.0,0.985,0.0
0,0,Healthy,Healthy,0.925,0.0,0.045,0.03
2,2,Refrigerant Leak,Refrigerant Leak,0.035,0.0,0.96,0.005
3,3,Excess Oil,Excess Oil,0.0,0.0,0.0,1.0
2,2,Refrigerant Leak,Refrigerant Leak,0.07,0.005,0.87,0.055
3,3,Excess Oil,Excess Oil,0.005,0.0,0.0,0.995
0,0,Healthy,Healthy,0.86,0.0,0.115,0.025
3,3,Excess Oil,Excess Oil,0.0,0.0,0.0,1.0
3,3,Excess Oil,Excess Oil,0.0,0.0,0.0,1.0
0,0,Healthy,Healthy,0.73,0.015,0.23,0.025
3,3,Excess Oil,Excess Oil,0.015,0.0,0.0,0.985
1,1,Condenser Fouling,Condenser Fouling,0.01,0.99,0.0,0.0
3,3,Excess Oil,Excess Oil,0.0,0.0,0.0,1.0
1,1,Condenser Fouling,Condenser Fouling,0.0,1.0,0.0,0.0
2,2,Refrigerant Leak,Refrigerant Leak,0.095,0.005,0.755,0.145
2,2,Refrigerant Leak,Refrigerant Leak,0.23,0.005,0.72,0.045
3,3,Excess Oil,Excess Oil,0.07,0.005,0.005,0.92
0,0,Healthy,Healthy,0.86,0.0,0.08,0.06
1,1,Condenser Fouling,Condenser Fouling,0.245,0.755,0.0,0.0
3,3,Excess Oil,Excess Oil,0.1,0.0,0.045,0.855
0,0,Healthy,Healthy,0.835,0.165,0.0,0.0
1,1,Condenser Fouling,Condenser Fouling,0.08,0.92,0.0,0.0
1,1,Condenser Fouling,Condenser Fouling,0.025,0.975,0.0,0.0
3,3,Excess Oil,Excess Oil,0.0,0.0,0.0,1.0
0,0,Healthy,Healthy,0.605,0.0,0.33,0.065
2,2,Refrigerant Leak,Refrigerant Leak,0.08,0.0,0.92,0.0
3,3,Excess Oil,Excess Oil,0.005,0.0,0.0,0.995
1,1,Condenser Fouling,Condenser Fouling,0.0,1.0,0.0,0.0
0,0,Healthy,Healthy,0.93,0.0,0.05,0.02
3,3,Excess Oil,Excess Oil,0.0,0.0,0.0,1.0
3,3,Excess Oil,Excess Oil,0.0,0.0,0.0,1.0
3,3,Excess Oil,Excess Oil,0.035,0.005,0.04,0.92
1,1,Condenser Fouling,Condenser Fouling,0.07,0.93,0.0,0.0
3,3,Excess Oil,Excess Oil,0.015,0.0,0.005,0.98
0,0,Healthy,Healthy,0.885,0.005,0.065,0.045
0,0,Healthy,Healthy,0.875,0.0,0.05,0.075
1,1,Condenser Fouling,Condenser Fouling,0.005,0.995,0.0,0.0
3,3,Excess Oil,Excess Oil,0.0,0.0,0.0,1.0
3,3,Excess Oil,Excess Oil,0.0,0.0,0.0,1.0
1,1,Condenser Fouling,Condenser Fouling,0.2,0.8,0.0,0.0
1,1,Condenser Fouling,Condenser Fouling,0.01,0.99,0.0,0.0
0,0,Healthy,Healthy,0.865,0.005,0.095,0.035
0,0,Healthy,Healthy,0.915,0.085,0.0,0.0
2,2,Refrigerant Leak,Refrigerant Leak,0.035,0.0,0.955,0.01
0,0,Healthy,Healthy,0.745,0.0,0.18,0.075
3,3,Excess Oil,Excess Oil,0.005,0.0,0.005,0.99
2,2,Refrigerant Leak,Refrigerant Leak,0.04,0.0,0.96,0.0
2,2,Refrigerant Leak,Refrigerant Leak,0.065,0.0,0.93,0.005
0,0,Healthy,Healthy,0.84,0.0,0.065,0.095
3,3,Excess Oil,Excess Oil,0.0,0.0,0.0,1.0
3,3,Excess Oil,Excess Oil,0.025,0.0,0.015,0.96
1,1,Condenser Fouling,Condenser Fouling,0.025,0.975,0.0,0.0
3,3,Excess Oil,Excess Oil,0.005,0.0,0.0,0.995
0,0,Healthy,Healthy,0.82,0.0,0.1,0.08
0,2,Healthy,Refrigerant Leak,0.24,0.0,0.74,0.02
0,0,Healthy,Healthy,0.895,0.0,0.03,0.075
1,1,Condenser Fouling,Condenser Fouling,0.135,0.865,0.0,0.0
3,3,Excess Oil,Excess Oil,0.005,0.0,0.0,0.995
2,2,Refrigerant Leak,Refrigerant Leak,0.08,0.02,0.9,0.0
1,1,Condenser Fouling,Condenser Fouling,0.025,0.975,0.0,0.0
0,0,Healthy,Healthy,0.865,0.13,0.005,0.0
0,0,Healthy,Healthy,0.905,0.005,0.085,0.005
1,1,Condenser Fouling,Condenser Fouling,0.075,0.925,0.0,0.0
2,2,Refrigerant Leak,Refrigerant Leak,0.245,0.005,0.715,0.035
2,2,Refrigerant Leak,Refrigerant Leak,0.0,0.0,1.0,0.0
1,1,Condenser Fouling,Condenser Fouling,0.0,1.0,0.0,0.0
1,1,Condenser Fouling,Condenser Fouling,0.245,0.755,0.0,0.0
2,2,Refrigerant Leak,Refrigerant Leak,0.0,0.0,0.995,0.005
0,0,Healthy,Healthy,0.935,0.045,0.02,0.0
2,2,Refrigerant Leak,Refrigerant Leak,0.17,0.005,0.815,0.01
3,3,Excess Oil,Excess Oil,0.0,0.0,0.005,0.995
0,0,Healthy,Healthy,0.84,0.0,0.105,0.055
3,3,Excess Oil,Excess Oil,0.105,0.01,0.115,0.77
1,1,Condenser Fouling,Condenser Fouling,0.205,0.795,0.0,0.0
0,0,Healthy,Healthy,0.7,0.0,0.265,0.035
2,2,Refrigerant Leak,Refrigerant Leak,0.235,0.0,0.73,0.035
3,3,Excess Oil,Excess Oil,0.17,0.005,0.15,0.675
2,2,Refrigerant Leak,Refrigerant Leak,0.045,0.0,0.955,0.0
0,0,Healthy,Healthy,0.685,0.315,0.0,0.0
1,1,Condenser Fouling,Condenser Fouling,0.06,0.94,0.0,0.0
0,0,Healthy,Healthy,0.88,0.115,0.005,0.0
1,1,Condenser Fouling,Condenser Fouling,0.005,0.995,0.0,0.0
3,3,Excess Oil,Excess Oil,0.0,0.0,0.005,0.995
3,3,Excess Oil,Excess Oil,0.0,0.0,0.0,1.0
2,2,Refrigerant Leak,Refrigerant Leak,0.04,0.0,0.955,0.005
1,1,Condenser Fouling,Condenser Fouling,0.065,0.935,0.0,0.0
3,3,Excess Oil,Excess Oil,0.0,0.0,0.005,0.995
2,2,Refrigerant Leak,Refrigerant Leak,0.08,0.0,0.915,0.005
3,3,Excess Oil,Excess Oil,0.055,0.0,0.035,0.91
1,1,Condenser Fouling,Condenser Fouling,0.015,0.985,0.0,0.0
3,3,Excess Oil,Excess Oil,0.0,0.0,0.0,1.0
1,1,Condenser Fouling,Condenser Fouling,0.21,0.785,0.005,0.0
0,0,Healthy,Healthy,0.955,0.0,0.015,0.03
2,2,Refrigerant Leak,Refrigerant Leak,0.02,0.0,0.965,0.015
3,3,Excess Oil,Excess Oil,0.11,0.0,0.0,0.89
3,3,Excess Oil,Excess Oil,0.0,0.0,0.0,1.0
1,1,Condenser Fouling,Condenser Fouling,0.105,0.895,0.0,0.0
0,0,Healthy,Healthy,0.515,0.0,0.345,0.14
1,1,Condenser Fouling,Condenser Fouling,0.095,0.905,0.0,0.0
2,2,Refrigerant Leak,Refrigerant Leak,0.085,0.0,0.9,0.015
3,3,Excess Oil,Excess Oil,0.0,0.0,0.0,1.0
0,0,Healthy,Healthy,0.58,0.3,0.06,0.06
3,3,Excess Oil,Excess Oil,0.025,0.0,0.045,0.93
0,0,Healthy,Healthy,0.77,0.0,0.15,0.08
3,3,Excess Oil,Excess Oil,0.005,0.0,0.0,0.995
1,1,Condenser Fouling,Condenser Fouling,0.01,0.99,0.0,0.0
2,2,Refrigerant Leak,Refrigerant Leak,0.125,0.0,0.87,0.005
2,2,Refrigerant Leak,Refrigerant Leak,0.035,0.005,0.945,0.015
0,1,Healthy,Condenser Fouling,0.315,0.67,0.015,0.0
1,1,Condenser Fouling,Condenser Fouling,0.14,0.855,0.0,0.005
1,1,Condenser Fouling,Condenser Fouling,0.01,0.99,0.0,0.0
0,0,Healthy,Healthy,0.83,0.0,0.06,0.11
3,3,Excess Oil,Excess Oil,0.025,0.0,0.005,0.97
0,0,Healthy,Healthy,0.93,0.0,0.06,0.01
3,3,Excess Oil,Excess Oil,0.005,0.0,0.0,0.995
3,3,Excess Oil,Excess Oil,0.0,0.0,0.0,1.0
2,2,Refrigerant Leak,Refrigerant Leak,0.05,0.0,0.95,0.0
3,3,Excess Oil,Excess Oil,0.0,0.0,0.0,1.0
3,3,Excess Oil,Excess Oil,0.135,0.03,0.17,0.665
1,1,Condenser Fouling,Condenser Fouling,0.01,0.99,0.0,0.0
3,3,Excess Oil,Excess Oil,0.0,0.0,0.0,1.0
1,1,Condenser Fouling,Condenser Fouling,0.005,0.995,0.0,0.0
2,2,Refrigerant Leak,Refrigerant Leak,0.075,0.005,0.91,0.01
2,2,Refrigerant Leak,Refrigerant Leak,0.01,0.0,0.98,0.01
0,0,Healthy,Healthy,0.625,0.375,0.0,0.0
3,3,Excess Oil,Excess Oil,0.0,0.0,0.0,1.0
1,1,Condenser Fouling,Condenser Fouling,0.07,0.93,0.0,0.0
2,2,Refrigerant Leak,Refrigerant Leak,0.115,0.0,0.86,0.025
2,2,Refrigerant Leak,Refrigerant Leak,0.01,0.0,0.99,0.0
1,1,Condenser Fouling,Condenser Fouling,0.145,0.855,0.0,0.0
1,1,Condenser Fouling,Condenser Fouling,0.125,0.875,0.0,0.0
1,1,Condenser Fouling,Condenser Fouling,0.085,0.915,0.0,0.0
2,2,Refrigerant Leak,Refrigerant Leak,0.06,0.0,0.94,0.0
0,0,Healthy,Healthy,0.775,0.005,0.19,0.03
3,3,Excess Oil,Excess Oil,0.07,0.02,0.05,0.86
1,1,Condenser Fouling,Condenser Fouling,0.11,0.89,0.0,0.0
2,2,Refrigerant Leak,Refrigerant Leak,0.005,0.0,0.99,0.005
0,0,Healthy,Healthy,0.87,0.125,0.0,0.005
1,1,Condenser Fouling,Condenser Fouling,0.165,0.835,0.0,0.0
1,1,Condenser Fouling,Condenser Fouling,0.06,0.935,0.0,0.005
1,1,Condenser Fouling,Condenser Fouling,0.11,0.89,0.0,0.0
0,0,Healthy,Healthy,0.725,0.275,0.0,0.0
3,3,Excess Oil,Excess Oil,0.27,0.0,0.05,0.68
2,2,Refrigerant Leak,Refrigerant Leak,0.1,0.0,0.88,0.02
0,0,Healthy,Healthy,0.935,0.06,0.005,0.0
2,2,Refrigerant Leak,Refrigerant Leak,0.185,0.0,0.81,0.005
1,1,Condenser Fouling,Condenser Fouling,0.065,0.935,0.0,0.0
3,3,Excess Oil,Excess Oil,0.045,0.0,0.045,0.91
1,1,Condenser Fouling,Condenser Fouling,0.22,0.78,0.0,0.0
1,1,Condenser Fouling,Condenser Fouling,0.015,0.985,0.0,0.0
2,2,Refrigerant Leak,Refrigerant Leak,0.2,0.0,0.755,0.045
3,3,Excess Oil,Excess Oil,0.11,0.0,0.27,0.62
2,2,Refrigerant Leak,Refrigerant Leak,0.005,0.0,0.995,0.0
0,0,Healthy,Healthy,0.965,0.0,0.03,0.005
1,1,Condenser Fouling,Condenser Fouling,0.015,0.985,0.0,0.0
0,0,Healthy,Healthy,0.955,0.045,0.0,0.0
2,2,Refrigerant Leak,Refrigerant Leak,0.0,0.0,1.0,0.0
2,2,Refrigerant Leak,Refrigerant Leak,0.005,0.0,0.995,0.0
2,2,Refrigerant Leak,Refrigerant Leak,0.005,0.0,0.995,0.0
1,1,Condenser Fouling,Condenser Fouling,0.085,0.915,0.0,0.0
3,3,Excess Oil,Excess Oil,0.32,0.0,0.14,0.54
3,3,Excess Oil,Excess Oil,0.005,0.0,0.0,0.995
2,2,Refrigerant Leak,Refrigerant Leak,0.2,0.0,0.765,0.035
0,0,Healthy,Healthy,0.94,0.05,0.005,0.005
2,2,Refrigerant Leak,Refrigerant Leak,0.005,0.0,0.995,0.0
1,1,Condenser Fouling,Condenser Fouling,0.01,0.99,0.0,0.0
0,0,Healthy,Healthy,0.895,0.0,0.065,0.04
1,1,Condenser Fouling,Condenser Fouling,0.02,0.98,0.0,0.0
2,2,Refrigerant Leak,Refrigerant Leak,0.245,0.0,0.735,0.02
2,2,Refrigerant Leak,Refrigerant Leak,0.015,0.0,0.975,0.01
2,2,Refrigerant Leak,Refrigerant Leak,0.115,0.0,0.875,0.01
0,0,Healthy,Healthy,0.95,0.05,0.0,0.0
2,2,Refrigerant Leak,Refrigerant Leak,0.185,0.0,0.785,0.03
3,3,Excess Oil,Excess Oil,0.0,0.0,0.0,1.0
1,1,Condenser Fouling,Condenser Fouling,0.01,0.99,0.0,0.0
3,3,Excess Oil,Excess Oil,0.075,0.0,0.02,0.905
2,2,Refrigerant Leak,Refrigerant Leak,0.04,0.0,0.955,0.005
0,0,Healthy,Healthy,0.765,0.235,0.0,0.0
2,2,Refrigerant Leak,Refrigerant Leak,0.085,0.0,0.91,0.005
1,1,Condenser Fouling,Condenser Fouling,0.005,0.995,0.0,0.0
3,3,Excess Oil,Excess Oil,0.02,0.005,0.02,0.955
2,2,Refrigerant Leak,Refrigerant Leak,0.045,0.0,0.94,0.015
1,1,Condenser Fouling,Condenser Fouling,0.19,0.81,0.0,0.0
0,0,Healthy,Healthy,0.85,0.15,0.0,0.0
1,1,Condenser Fouling,Condenser Fouling,0.005,0.995,0.0,0.0
1,1,Condenser Fouling,Condenser Fouling,0.11,0.42,0.275,0.195
2,2,Refrigerant Leak,Refrigerant Leak,0.115,0.04,0.705,0.14
2,2,Refrigerant Leak,Refrigerant Leak,0.005,0.0,0.995,0.0
0,0,Healthy,Healthy,0.46,0.01,0.365,0.165
1,1,Condenser Fouling,Condenser Fouling,0.295,0.705,0.0,0.0
0,0,Healthy,Healthy,0.685,0.01,0.235,0.07
1,1,Condenser Fouling,Condenser Fouling,0.06,0.94,0.0,0.0
3,3,Excess Oil,Excess Oil,0.0,0.0,0.0,1.0
1,1,Condenser Fouling,Condenser Fouling,0.01,0.99,0.0,0.0
3,3,Excess Oil,Excess Oil,0.0,0.0,0.0,1.0
3,3,Excess Oil,Excess Oil,0.0,0.0,0.0,1.0
1,1,Condenser Fouling,Condenser Fouling,0.23,0.77,0.0,0.0
0,0,Healthy,Healthy,0.985,0.0,0.015,0.0
1,1,Condenser Fouling,Condenser Fouling,0.14,0.86,0.0,0.0
0,0,Healthy,Healthy,0.845,0.0,0.115,0.04
2,2,Refrigerant Leak,Refrigerant Leak,0.04,0.0,0.955,0.005
3,3,Excess Oil,Excess Oil,0.045,0.005,0.05,0.9
3,3,Excess Oil,Excess Oil,0.015,0.0,0.005,0.98
3,3,Excess Oil,Excess Oil,0.01,0.0,0.0,0.99
3,3,Excess Oil,Excess Oil,0.085,0.0,0.105,0.81
1,1,Condenser Fouling,Condenser Fouling,0.08,0.92,0.0,0.0
2,2,Refrigerant Leak,Refrigerant Leak,0.04,0.0,0.945,0.015
1,1,Condenser Fouling,Condenser Fouling,0.17,0.83,0.0,0.0
0,0,Healthy,Healthy,0.855,0.0,0.135,0.01
2,2,Refrigerant Leak,Refrigerant Leak,0.0,0.0,1.0,0.0
1,1,Condenser Fouling,Condenser Fouling,0.06,0.94,0.0,0.0
3,3,Excess Oil,Excess Oil,0.195,0.0,0.14,0.665
3,3,Excess Oil,Excess Oil,0.0,0.0,0.0,1.0
0,0,Healthy,Healthy,0.72,0.005,0.11,0.165
2,2,Refrigerant Leak,Refrigerant Leak,0.055,0.0,0.94,0.005
0,0,Healthy,Healthy,0.915,0.085,0.0,0.0
2,2,Refrigerant Leak,Refrigerant Leak,0.005,0.0,0.995,0.0
1,1,Condenser Fouling,Condenser Fouling,0.0,1.0,0.0,0.0
0,0,Healthy,Healthy,0.925,0.045,0.03,0.0
1,1,Condenser Fouling,Condenser Fouling,0.01,0.99,0.0,0.0
0,0,Healthy,Healthy,0.855,0.0,0.135,0.01
3,3,Excess Oil,Excess Oil,0.01,0.0,0.0,0.99
2,2,Refrigerant Leak,Refrigerant Leak,0.135,0.015,0.805,0.045
0,0,Healthy,Healthy,0.875,0.125,0.0,0.0
2,2,Refrigerant Leak,Refrigerant Leak,0.04,0.0,0.95,0.01
2,2,Refrigerant Leak,Refrigerant Leak,0.34,0.035,0.53,0.095
1,1,Condenser Fouling,Condenser Fouling,0.02,0.98,0.0,0.0
2,2,Refrigerant Leak,Refrigerant Leak,0.025,0.0,0.955,0.02
0,0,Healthy,Healthy,0.69,0.0,0.19,0.12
0,0,Healthy,Healthy,0.625,0.37,0.0,0.005
3,3,Excess Oil,Excess Oil,0.0,0.005,0.005,0.99
2,2,Refrigerant Leak,Refrigerant Leak,0.03,0.0,0.97,0.0
1,1,Condenser Fouling,Condenser Fouling,0.015,0.985,0.0,0.0
0,0,Healthy,Healthy,0.66,0.0,0.305,0.035
2,2,Refrigerant Leak,Refrigerant Leak,0.07,0.0,0.93,0.0
3,3,Excess Oil,Excess Oil,0.005,0.0,0.015,0.98
1,1,Condenser Fouling,Condenser Fouling,0.145,0.855,0.0,0.0
3,3,Excess Oil,Excess Oil,0.01,0.0,0.005,0.985
2,2,Refrigerant Leak,Refrigerant Leak,0.105,0.005,0.81,0.08
0,0,Healthy,Healthy,0.59,0.39,0.01,0.01
1,1,Condenser Fouling,Condenser Fouling,0.415,0.565,0.005,0.015
1,1,Condenser Fouling,Condenser Fouling,0.035,0.965,0.0,0.0
2,2,Refrigerant Leak,Refrigerant Leak,0.12,0.005,0.865,0.01
2,2,Refrigerant Leak,Refrigerant Leak,0.01,0.0,0.985,0.005
2,2,Refrigerant Leak,Refrigerant Leak,0.035,0.0,0.94,0.025
2,2,Refrigerant Leak,Refrigerant Leak,0.155,0.005,0.82,0.02
0,0,Healthy,Healthy,0.89,0.0,0.07,0.04
3,3,Excess Oil,Excess Oil,0.0,0.0,0.0,1.0
1,1,Condenser Fouling,Condenser Fouling,0.205,0.795,0.0,0.0
3,3,Excess Oil,Excess Oil,0.015,0.0,0.015,0.97
3,3,Excess Oil,Excess Oil,0.0,0.0,0.0,1.0
0,0,Healthy,Healthy,0.895,0.0,0.065,0.04
1,1,Condenser Fouling,Condenser Fouling,0.07,0.93,0.0,0.0
0,0,Healthy,Healthy,0.98,0.015,0.0,0.005
0,0,Healthy,Healthy,0.95,0.01,0.03,0.01
2,2,Refrigerant Leak,Refrigerant Leak,0.115,0.0,0.875,0.01
1,1,Condenser Fouling,Condenser Fouling,0.16,0.835,0.005,0.0
1,1,Condenser Fouling,Condenser Fouling,0.005,0.995,0.0,0.0
0,0,Healthy,Healthy,0.76,0.235,0.005,0.0
1,1,Condenser Fouling,Condenser Fouling,0.04,0.96,0.0,0.0
3,3,Excess Oil,Excess Oil,0.0,0.0,0.0,1.0
2,2,Refrigerant Leak,Refrigerant Leak,0.02,0.0,0.94,0.04
3,3,Excess Oil,Excess Oil,0.065,0.0,0.015,0.92
3,3,Excess Oil,Excess Oil,0.0,0.0,0.01,0.99
2,2,Refrigerant Leak,Refrigerant Leak,0.08,0.0,0.91,0.01
3,3,Excess Oil,Excess Oil,0.0,0.0,0.0,1.0
1,1,Condenser Fouling,Condenser Fouling,0.065,0.935,0.0,0.0
0,0,Healthy,Healthy,0.965,0.01,0.01,0.015
1,1,Condenser Fouling,Condenser Fouling,0.0,1.0,0.0,0.0
1,1,Condenser Fouling,Condenser Fouling,0.045,0.955,0.0,0.0
1,1,Condenser Fouling,Condenser Fouling,0.24,0.755,0.0,0.005
2,2,Refrigerant Leak,Refrigerant Leak,0.12,0.0,0.875,0.005
1,1,Condenser Fouling,Condenser Fouling,0.235,0.76,0.0,0.005
3,3,Excess Oil,Excess Oil,0.065,0.0,0.02,0.915
2,2,Refrigerant Leak,Refrigerant Leak,0.02,0.005,0.97,0.005
1,1,Condenser Fouling,Condenser Fouling,0.03,0.97,0.0,0.0
2,2,Refrigerant Leak,Refrigerant Leak,0.015,0.0,0.98,0.005
3,3,Excess Oil,Excess Oil,0.005,0.0,0.0,0.995
3,3,Excess Oil,Excess Oil,0.005,0.0,0.0,0.995
2,2,Refrigerant Leak,Refrigerant Leak,0.05,0.0,0.83,0.12
1,1,Condenser Fouling,Condenser Fouling,0.045,0.955,0.0,0.0
2,2,Refrigerant Leak,Refrigerant Leak,0.005,0.0,0.995,0.0
1,1,Condenser Fouling,Condenser Fouling,0.06,0.94,0.0,0.0
2,2,Refrigerant Leak,Refrigerant Leak,0.0,0.0,1.0,0.0
0,0,Healthy,Healthy,0.59,0.0,0.34,0.07
3,3,Excess Oil,Excess Oil,0.005,0.0,0.0,0.995
3,3,Excess Oil,Excess Oil,0.015,0.0,0.005,0.98
0,0,Healthy,Healthy,0.615,0.02,0.31,0.055
1,1,Condenser Fouling,Condenser Fouling,0.0,1.0,0.0,0.0
0,0,Healthy,Healthy,0.755,0.245,0.0,0.0
0,0,Healthy,Healthy,0.895,0.04,0.05,0.015
0,0,Healthy,Healthy,0.895,0.03,0.06,0.015
1,1,Condenser Fouling,Condenser Fouling,0.0,1.0,0.0,0.0
3,3,Excess Oil,Excess Oil,0.06,0.0,0.0,0.94
0,0,Healthy,Healthy,0.8,0.0,0.2,0.0
3,3,Excess Oil,Excess Oil,0.0,0.0,0.005,0.995
1,1,Condenser Fouling,Condenser Fouling,0.035,0.965,0.0,0.0
2,2,Refrigerant Leak,Refrigerant Leak,0.065,0.0,0.925,0.01
2,2,Refrigerant Leak,Refrigerant Leak,0.065,0.0,0.93,0.005
1,1,Condenser Fouling,Condenser Fouling,0.005,0.995,0.0,0.0
0,0,Healthy,Healthy,0.98,0.0,0.005,0.015
1,1,Condenser Fouling,Condenser Fouling,0.04,0.935,0.015,0.01
2,2,Refrigerant Leak,Refrigerant Leak,0.42,0.0,0.51,0.07
3,3,Excess Oil,Excess Oil,0.015,0.0,0.0,0.985
0,0,Healthy,Healthy,0.905,0.095,0.0,0.0
0,0,Healthy,Healthy,0.74,0.005,0.19,0.065
2,2,Refrigerant Leak,Refrigerant Leak,0.045,0.0,0.795,0.16
1,1,Condenser Fouling,Condenser Fouling,0.04,0.85,0.07,0.04
2,2,Refrigerant Leak,Refrigerant Leak,0.175,0.0,0.8,0.025
1,1,Condenser Fouling,Condenser Fouling,0.035,0.965,0.0,0.0
2,2,Refrigerant Leak,Refrigerant Leak,0.09,0.0,0.9,0.01
1,1,Condenser Fouling,Condenser Fouling,0.19,0.805,0.005,0.0
1,1,Condenser Fouling,Condenser Fouling,0.01,0.99,0.0,0.0
1,1,Condenser Fouling,Condenser Fouling,0.08,0.92,0.0,0.0
3,3,Excess Oil,Excess Oil,0.185,0.0,0.085,0.73
1,1,Condenser Fouling,Condenser Fouling,0.25,0.75,0.0,0.0
0,0,Healthy,Healthy,0.915,0.0,0.065,0.02
0,0,Healthy,Healthy,0.515,0.48,0.005,0.0
3,3,Excess Oil,Excess Oil,0.0,0.0,0.0,1.0
0,0,Healthy,Healthy,0.93,0.0,0.065,0.005
1,1,Condenser Fouling,Condenser Fouling,0.0,1.0,0.0,0.0
3,3,Excess Oil,Excess Oil,0.0,0.0,0.0,1.0
1,1,Condenser Fouling,Condenser Fouling,0.12,0.88,0.0,0.0
2,2,Refrigerant Leak,Refrigerant Leak,0.005,0.0,0.995,0.0
0,0,Healthy,Healthy,0.78,0.0,0.19,0.03
0,0,Healthy,Healthy,0.835,0.16,0.0,0.005
0,0,Healthy,Healthy,0.835,0.085,0.065,0.015
3,3,Excess Oil,Excess Oil,0.0,0.0,0.01,0.99
0,0,Healthy,Healthy,0.96,0.005,0.01,0.025
3,3,Excess Oil,Excess Oil,0.105,0.0,0.025,0.87
2,2,Refrigerant Leak,Refrigerant Leak,0.075,0.0,0.915,0.01
2,2,Refrigerant Leak,Refrigerant Leak,0.13,0.0,0.835,0.035
0,0,Healthy,Healthy,0.965,0.0,0.025,0.01
2,2,Refrigerant Leak,Refrigerant Leak,0.015,0.0,0.985,0.0
0,0,Healthy,Healthy,0.895,0.0,0.05,0.055
0,0,Healthy,Healthy,0.81,0.005,0.175,0.01
1,1,Condenser Fouling,Condenser Fouling,0.02,0.98,0.0,0.0
3,3,Excess Oil,Excess Oil,0.08,0.0,0.08,0.84
2,2,Refrigerant Leak,Refrigerant Leak,0.17,0.0,0.775,0.055
3,3,Excess Oil,Excess Oil,0.0,0.0,0.0,1.0
2,2,Refrigerant Leak,Refrigerant Leak,0.12,0.0,0.875,0.005
0,0,Healthy,Healthy,0.89,0.005,0.065,0.04
1,1,Condenser Fouling,Condenser Fouling,0.0,1.0,0.0,0.0
3,3,Excess Oil,Excess Oil,0.0,0.0,0.0,1.0
0,0,Healthy,Healthy,0.84,0.16,0.0,0.0
1,1,Condenser Fouling,Condenser Fouling,0.015,0.985,0.0,0.0
0,0,Healthy,Healthy,0.93,0.035,0.025,0.01
1,1,Condenser Fouling,Condenser Fouling,0.13,0.87,0.0,0.0
0,0,Healthy,Healthy,0.88,0.115,0.005,0.0
1,1,Condenser Fouling,Condenser Fouling,0.01,0.99,0.0,0.0
1,1,Condenser Fouling,Condenser Fouling,0.06,0.94,0.0,0.0
2,2,Refrigerant Leak,Refrigerant Leak,0.11,0.0,0.865,0.025
0,0,Healthy,Healthy,0.85,0.15,0.0,0.0
2,2,Refrigerant Leak,Refrigerant Leak,0.105,0.0,0.88,0.015
1,1,Condenser Fouling,Condenser Fouling,0.0,1.0,0.0,0.0
0,0,Healthy,Healthy,0.49,0.0,0.055,0.455
2,2,Refrigerant Leak,Refrigerant Leak,0.085,0.0,0.905,0.01
0,0,Healthy,Healthy,0.915,0.0,0.08,0.005
1,1,Condenser Fouling,Condenser Fouling,0.27,0.73,0.0,0.0
3,3,Excess Oil,Excess Oil,0.005,0.0,0.0,0.995
1,1,Condenser Fouling,Condenser Fouling,0.125,0.875,0.0,0.0
0,0,Healthy,Healthy,0.505,0.495,0.0,0.0
2,2,Refrigerant Leak,Refrigerant Leak,0.07,0.005,0.85,0.075
1,1,Condenser Fouling,Condenser Fouling,0.095,0.905,0.0,0.0
3,3,Excess Oil,Excess Oil,0.01,0.0,0.005,0.985
1,1,Condenser Fouling,Condenser Fouling,0.14,0.86,0.0,0.0
2,2,Refrigerant Leak,Refrigerant Leak,0.02,0.0,0.98,0.0
2,2,Refrigerant Leak,Refrigerant Leak,0.0,0.0,1.0,0.0
3,3,Excess Oil,Excess Oil,0.0,0.0,0.005,0.995
2,2,Refrigerant Leak,Refrigerant Leak,0.03,0.0,0.965,0.005
2,2,Refrigerant Leak,Refrigerant Leak,0.02,0.0,0.975,0.005
2,2,Refrigerant Leak,Refrigerant Leak,0.05,0.0,0.94,0.01
3,3,Excess Oil,Excess Oil,0.0,0.0,0.0,1.0
2,2,Refrigerant Leak,Refrigerant Leak,0.065,0.0,0.935,0.0
0,0,Healthy,Healthy,0.84,0.155,0.005,0.0
3,3,Excess Oil,Excess Oil,0.1,0.0,0.04,0.86
3,3,Excess Oil,Excess Oil,0.2,0.01,0.045,0.745
0,0,Healthy,Healthy,0.85,0.0,0.145,0.005
2,2,Refrigerant Leak,Refrigerant Leak,0.225,0.0,0.705,0.07
1,1,Condenser Fouling,Condenser Fouling,0.015,0.985,0.0,0.0
1,1,Condenser Fouling,Condenser Fouling,0.005,0.995,0.0,0.0
0,0,Healthy,Healthy,0.675,0.325,0.0,0.0
1,1,Condenser Fouling,Condenser Fouling,0.245,0.755,0.0,0.0
1,1,Condenser Fouling,Condenser Fouling,0.0,1.0,0.0,0.0
2,2,Refrigerant Leak,Refrigerant Leak,0.015,0.0,0.98,0.005
1,1,Condenser Fouling,Condenser Fouling,0.01,0.99,0.0,0.0
2,2,Refrigerant Leak,Refrigerant Leak,0.065,0.005,0.93,0.0
0,0,Healthy,Healthy,0.74,0.0,0.185,0.075
2,2,Refrigerant Leak,Refrigerant Leak,0.045,0.0,0.945,0.01
0,0,Healthy,Healthy,0.785,0.215,0.0,0.0
0,0,Healthy,Healthy,0.945,0.0,0.025,0.03
1,1,Condenser Fouling,Condenser Fouling,0.01,0.99,0.0,0.0
1,1,Condenser Fouling,Condenser Fouling,0.16,0.84,0.0,0.0
3,3,Excess Oil,Excess Oil,0.005,0.0,0.0,0.995
0,0,Healthy,Healthy,1.0,0.0,0.0,0.0
0,0,Healthy,Healthy,0.955,0.005,0.025,0.015
3,3,Excess Oil,Excess Oil,0.0,0.0,0.0,1.0
3,3,Excess Oil,Excess Oil,0.01,0.005,0.025,0.96
0,0,Healthy,Healthy,0.925,0.0,0.02,0.055
1,1,Condenser Fouling,Condenser Fouling,0.0,1.0,0.0,0.0
2,2,Refrigerant Leak,Refrigerant Leak,0.35,0.0,0.595,0.055
1,1,Condenser Fouling,Condenser Fouling,0.4,0.6,0.0,0.0
0,0,Healthy,Healthy,0.95,0.0,0.05,0.0
0,0,Healthy,Healthy,0.815,0.0,0.13,0.055
1,1,Condenser Fouling,Condenser Fouling,0.01,0.99,0.0,0.0
2,2,Refrigerant Leak,Refrigerant Leak,0.06,0.0,0.935,0.005
3,3,Excess Oil,Excess Oil,0.085,0.0,0.1,0.815
0,1,Healthy,Condenser Fouling,0.35,0.635,0.015,0.0
2,2,Refrigerant Leak,Refrigerant Leak,0.08,0.0,0.865,0.055
1,1,Condenser Fouling,Condenser Fouling,0.075,0.925,0.0,0.0
0,0,Healthy,Healthy,0.965,0.0,0.035,0.0
1,1,Condenser Fouling,Condenser Fouling,0.0,1.0,0.0,0.0
2,2,Refrigerant Leak,Refrigerant Leak,0.0,0.0,0.995,0.005
2,2,Refrigerant Leak,Refrigerant Leak,0.165,0.0,0.81,0.025
2,2,Refrigerant Leak,Refrigerant Leak,0.06,0.005,0.92,0.015
0,0,Healthy,Healthy,0.925,0.07,0.005,0.0
0,0,Healthy,Healthy,0.895,0.105,0.0,0.0
2,2,Refrigerant Leak,Refrigerant Leak,0.04,0.0,0.95,0.01
3,3,Excess Oil,Excess Oil,0.01,0.0,0.0,0.99
2,2,Refrigerant Leak,Refrigerant Leak,0.005,0.0,0.995,0.0
2,2,Refrigerant Leak,Refrigerant Leak,0.01,0.0,0.98,0.01
3,3,Excess Oil,Excess Oil,0.0,0.0,0.0,1.0
0,0,Healthy,Healthy,0.685,0.315,0.0,0.0
3,3,Excess Oil,Excess Oil,0.015,0.0,0.015,0.97
0,2,Healthy,Refrigerant Leak,0.355,0.0,0.615,0.03
1,1,Condenser Fouling,Condenser Fouling,0.025,0.955,0.015,0.005
2,2,Refrigerant Leak,Refrigerant Leak,0.045,0.0,0.935,0.02
0,0,Healthy,Healthy,0.855,0.0,0.13,0.015
1,1,Condenser Fouling,Condenser Fouling,0.005,0.995,0.0,0.0
2,2,Refrigerant Leak,Refrigerant Leak,0.0,0.0,1.0,0.0
0,0,Healthy,Healthy,0.91,0.07,0.02,0.0
1,1,Condenser Fouling,Condenser Fouling,0.005,0.995,0.0,0.0
0,0,Healthy,Healthy,0.805,0.195,0.0,0.0
1,1,Condenser Fouling,Condenser Fouling,0.095,0.905,0.0,0.0
3,3,Excess Oil,Excess Oil,0.0,0.0,0.0,1.0
3,3,Excess Oil,Excess Oil,0.0,0.0,0.0,1.0
1,1,Condenser Fouling,Condenser Fouling,0.025,0.97,0.005,0.0
1,1,Condenser Fouling,Condenser Fouling,0.1,0.895,0.005,0.0
3,3,Excess Oil,Excess Oil,0.145,0.08,0.17,0.605
2,2,Refrigerant Leak,Refrigerant Leak,0.13,0.0,0.865,0.005
1,1,Condenser Fouling,Condenser Fouling,0.005,0.995,0.0,0.0
3,3,Excess Oil,Excess Oil,0.005,0.0,0.0,0.995
3,3,Excess Oil,Excess Oil,0.0,0.0,0.0,1.0
0,0,Healthy,Healthy,0.88,0.01,0.11,0.0
2,2,Refrigerant Leak,Refrigerant Leak,0.325,0.02,0.59,0.065
1,1,Condenser Fouling,Condenser Fouling,0.015,0.985,0.0,0.0
1,1,Condenser Fouling,Condenser Fouling,0.205,0.79,0.005,0.0
1,1,Condenser Fouling,Condenser Fouling,0.005,0.995,0.0,0.0
0,0,Healthy,Healthy,0.985,0.0,0.015,0.0
3,3,Excess Oil,Excess Oil,0.0,0.0,0.0,1.0
2,2,Refrigerant Leak,Refrigerant Leak,0.02,0.0,0.98,0.0
0,0,Healthy,Healthy,0.83,0.0,0.15,0.02
0,0,Healthy,Healthy,0.925,0.0,0.055,0.02
1,1,Condenser Fouling,Condenser Fouling,0.435,0.56,0.0,0.005
2,2,Refrigerant Leak,Refrigerant Leak,0.01,0.005,0.98,0.005
0,0,Healthy,Healthy,0.715,0.0,0.26,0.025
0,0,Healthy,Healthy,0.765,0.0,0.21,0.025
1,1,Condenser Fouling,Condenser Fouling,0.08,0.915,0.005,0.0
2,2,Refrigerant Leak,Refrigerant Leak,0.165,0.0,0.79,0.045
1,1,Condenser Fouling,Condenser Fouling,0.095,0.905,0.0,0.0
2,2,Refrigerant Leak,Refrigerant Leak,0.03,0.0,0.97,0.0
0,0,Healthy,Healthy,0.495,0.075,0.205,0.225
2,2,Refrigerant Leak,Refrigerant Leak,0.015,0.0,0.98,0.005
1,1,Condenser Fouling,Condenser Fouling,0.0,1.0,0.0,0.0
2,2,Refrigerant Leak,Refrigerant Leak,0.01,0.0,0.99,0.0
0,0,Healthy,Healthy,0.655,0.0,0.295,0.05
1,1,Condenser Fouling,Condenser Fouling,0.115,0.885,0.0,0.0
1,1,Condenser Fouling,Condenser Fouling,0.015,0.985,0.0,0.0
0,0,Healthy,Healthy,0.75,0.23,0.02,0.0
0,0,Healthy,Healthy,0.915,0.08,0.005,0.0
2,2,Refrigerant Leak,Refrigerant Leak,0.11,0.0,0.85,0.04
1,0,Condenser Fouling,Healthy,0.585,0.415,0.0,0.0
2,2,Refrigerant Leak,Refrigerant Leak,0.02,0.0,0.975,0.005
0,0,Healthy,Healthy,0.95,0.0,0.01,0.04
0,0,Healthy,Healthy,0.575,0.005,0.37,0.05
1,1,Condenser Fouling,Condenser Fouling,0.095,0.905,0.0,0.0
3,3,Excess Oil,Excess Oil,0.0,0.0,0.0,1.0
1,1,Condenser Fouling,Condenser Fouling,0.05,0.95,0.0,0.0
3,3,Excess Oil,Excess Oil,0.0,0.0,0.0,1.0
2,2,Refrigerant Leak,Refrigerant Leak,0.08,0.0,0.89,0.03
2,2,Refrigerant Leak,Refrigerant Leak,0.46,0.005,0.515,0.02
3,3,Excess Oil,Excess Oil,0.0,0.0,0.0,1.0
1,1,Condenser Fouling,Condenser Fouling,0.045,0.955,0.0,0.0
0,0,Healthy,Healthy,0.945,0.01,0.025,0.02
2,2,Refrigerant Leak,Refrigerant Leak,0.0,0.0,1.0,0.0
0,0,Healthy,Healthy,0.635,0.36,0.0,0.005
0,0,Healthy,Healthy,0.805,0.195,0.0,0.0
3,3,Excess Oil,Excess Oil,0.04,0.0,0.04,0.92
0,0,Healthy,Healthy,0.79,0.0,0.08,0.13
0,0,Healthy,Healthy,0.865,0.0,0.135,0.0
3,3,Excess Oil,Excess Oil,0.02,0.0,0.005,0.975
1,1,Condenser Fouling,Condenser Fouling,0.32,0.68,0.0,0.0
3,3,Excess Oil,Excess Oil,0.005,0.0,0.0,0.995
2,2,Refrigerant Leak,Refrigerant Leak,0.005,0.0,0.995,0.0
3,3,Excess Oil,Excess Oil,0.0,0.0,0.0,1.0
0,0,Healthy,Healthy,0.725,0.265,0.005,0.005
1,1,Condenser Fouling,Condenser Fouling,0.095,0.905,0.0,0.0
3,3,Excess Oil,Excess Oil,0.005,0.0,0.0,0.995
0,0,Healthy,Healthy,0.93,0.03,0.03,0.01
2,2,Refrigerant Leak,Refrigerant Leak,0.025,0.0,0.97,0.005
0,0,Healthy,Healthy,0.78,0.01,0.205,0.005
1,1,Condenser Fouling,Condenser Fouling,0.21,0.79,0.0,0.0
0,0,Healthy,Healthy,0.9,0.1,0.0,0.0
1,1,Condenser Fouling,Condenser Fouling,0.11,0.89,0.0,0.0
3,3,Excess Oil,Excess Oil,0.0,0.0,0.0,1.0
2,2,Refrigerant Leak,Refrigerant Leak,0.055,0.0,0.94,0.005
1,1,Condenser Fouling,Condenser Fouling,0.03,0.97,0.0,0.0
3,3,Excess Oil,Excess Oil,0.0,0.0,0.0,1.0
0,2,Healthy,Refrigerant Leak,0.295,0.0,0.66,0.045
1,1,Condenser Fouling,Condenser Fouling,0.005,0.995,0.0,0.0
1,1,Condenser Fouling,Condenser Fouling,0.01,0.99,0.0,0.0
1,1,Condenser Fouling,Condenser Fouling,0.165,0.83,0.005,0.0
0,0,Healthy,Healthy,0.955,0.0,0.025,0.02
1,1,Condenser Fouling,Condenser Fouling,0.015,0.985,0.0,0.0
1,1,Condenser Fouling,Condenser Fouling,0.005,0.995,0.0,0.0
2,2,Refrigerant Leak,Refrigerant Leak,0.005,0.0,0.98,0.015
0,0,Healthy,Healthy,0.9,0.055,0.035,0.01
2,2,Refrigerant Leak,Refrigerant Leak,0.03,0.0,0.965,0.005
2,2,Refrigerant Leak,Refrigerant Leak,0.06,0.0,0.935,0.005
2,2,Refrigerant Leak,Refrigerant Leak,0.0,0.0,0.99,0.01
0,0,Healthy,Healthy,0.71,0.0,0.26,0.03
3,3,Excess Oil,Excess Oil,0.0,0.0,0.0,1.0
3,3,Excess Oil,Excess Oil,0.02,0.0,0.01,0.97
3,3,Excess Oil,Excess Oil,0.0,0.0,0.0,1.0
3,3,Excess Oil,Excess Oil,0.0,0.0,0.0,1.0
0,0,Healthy,Healthy,0.505,0.005,0.42,0.07
1,1,Condenser Fouling,Condenser Fouling,0.205,0.795,0.0,0.0
2,2,Refrigerant Leak,Refrigerant Leak,0.01,0.0,0.99,0.0
1,1,Condenser Fouling,Condenser Fouling,0.03,0.97,0.0,0.0
1,1,Condenser Fouling,Condenser Fouling,0.12,0.88,0.0,0.0
1,1,Condenser Fouling,Condenser Fouling,0.06,0.93,0.01,0.0
3,3,Excess Oil,Excess Oil,0.005,0.0,0.0,0.995
1,1,Condenser Fouling,Condenser Fouling,0.045,0.955,0.0,0.0
1,1,Condenser Fouling,Condenser Fouling,0.04,0.96,0.0,0.0
3,3,Excess Oil,Excess Oil,0.005,0.0,0.0,0.995
0,0,Healthy,Healthy,0.79,0.205,0.0,0.005
0,0,Healthy,Healthy,0.93,0.065,0.005,0.0
3,3,Excess Oil,Excess Oil,0.04,0.0,0.075,0.885
1,1,Condenser Fouling,Condenser Fouling,0.015,0.985,0.0,0.0
1,1,Condenser Fouling,Condenser Fouling,0.11,0.89,0.0,0.0
2,2,Refrigerant Leak,Refrigerant Leak,0.175,0.0,0.815,0.01
3,3,Excess Oil,Excess Oil,0.0,0.0,0.0,1.0
3,3,Excess Oil,Excess Oil,0.005,0.0,0.0,0.995
0,0,Healthy,Healthy,0.79,0.0,0.05,0.16
2,2,Refrigerant Leak,Refrigerant Leak,0.05,0.0,0.94,0.01
2,2,Refrigerant Leak,Refrigerant Leak,0.07,0.0,0.915,0.015
0,0,Healthy,Healthy,0.95,0.045,0.005,0.0
0,0,Healthy,Healthy,0.855,0.0,0.115,0.03
1,1,Condenser Fouling,Condenser Fouling,0.025,0.975,0.0,0.0
1,1,Condenser Fouling,Condenser Fouling,0.16,0.835,0.0,0.005
0,0,Healthy,Healthy,0.91,0.01,0.055,0.025
0,0,Healthy,Healthy,0.935,0.065,0.0,0.0
0,0,Healthy,Healthy,0.575,0.425,0.0,0.0
2,2,Refrigerant Leak,Refrigerant Leak,0.08,0.0,0.905,0.015
0,0,Healthy,Healthy,0.525,0.005,0.38,0.09
2,2,Refrigerant Leak,Refrigerant Leak,0.06,0.0,0.925,0.015
3,3,Excess Oil,Excess Oil,0.0,0.0,0.005,0.995
2,2,Refrigerant Leak,Refrigerant Leak,0.225,0.0,0.76,0.015
2,2,Refrigerant Leak,Refrigerant Leak,0.155,0.0,0.81,0.035
3,3,Excess Oil,Excess Oil,0.16,0.0,0.065,0.775
2,2,Refrigerant Leak,Refrigerant Leak,0.06,0.0,0.92,0.02
0,0,Healthy,Healthy,0.895,0.0,0.08,0.025
2,2,Refrigerant Leak,Refrigerant Leak,0.04,0.0,0.945,0.015
0,0,Healthy,Healthy,0.685,0.305,0.005,0.005
1,1,Condenser Fouling,Condenser Fouling,0.005,0.995,0.0,0.0
2,2,Refrigerant Leak,Refrigerant Leak,0.105,0.0,0.89,0.005
2,2,Refrigerant Leak,Refrigerant Leak,0.035,0.0,0.935,0.03
2,2,Refrigerant Leak,Refrigerant Leak,0.02,0.0,0.98,0.0
1,1,Condenser Fouling,Condenser Fouling,0.035,0.965,0.0,0.0
3,3,Excess Oil,Excess Oil,0.0,0.0,0.0,1.0
3,3,Excess Oil,Excess Oil,0.05,0.0,0.065,0.885
2,2,Refrigerant Leak,Refrigerant Leak,0.105,0.0,0.89,0.005
0,0,Healthy,Healthy,0.5,0.02,0.385,0.095
1,1,Condenser Fouling,Condenser Fouling,0.24,0.76,0.0,0.0
2,2,Refrigerant Leak,Refrigerant Leak,0.0,0.0,1.0,0.0
1,1,Condenser Fouling,Condenser Fouling,0.06,0.94,0.0,0.0
2,2,Refrigerant Leak,Refrigerant Leak,0.04,0.0,0.96,0.0
1,1,Condenser Fouling,Condenser Fouling,0.13,0.865,0.005,0.0
2,2,Refrigerant Leak,Refrigerant Leak,0.045,0.0,0.945,0.01
0,0,Healthy,Healthy,0.485,0.37,0.065,0.08
3,3,Excess Oil,Excess Oil,0.065,0.0,0.065,0.87
2,2,Refrigerant Leak,Refrigerant Leak,0.015,0.0,0.985,0.0
0,0,Healthy,Healthy,0.93,0.005,0.05,0.015
1,1,Condenser Fouling,Condenser Fouling,0.43,0.565,0.0,0.005
3,3,Excess Oil,Excess Oil,0.0,0.0,0.0,1.0
2,2,Refrigerant Leak,Refrigerant Leak,0.075,0.0,0.905,0.02
1,1,Condenser Fouling,Condenser Fouling,0.005,0.995,0.0,0.0
3,3,Excess Oil,Excess Oil,0.005,0.0,0.01,0.985
3,3,Excess Oil,Excess Oil,0.0,0.0,0.0,1.0
2,2,Refrigerant Leak,Refrigerant Leak,0.115,0.0,0.88,0.005
2,2,Refrigerant Leak,Refrigerant Leak,0.01,0.0,0.99,0.0
1,1,Condenser Fouling,Condenser Fouling,0.01,0.99,0.0,0.0
3,3,Excess Oil,Excess Oil,0.0,0.0,0.0,1.0
0,0,Healthy,Healthy,0.9,0.0,0.095,0.005
2,2,Refrigerant Leak,Refrigerant Leak,0.025,0.0,0.97,0.005
2,2,Refrigerant Leak,Refrigerant Leak,0.105,0.0,0.845,0.05
0,0,Healthy,Healthy,0.745,0.255,0.0,0.0
1,1,Condenser Fouling,Condenser Fouling,0.02,0.975,0.0,0.005
0,0,Healthy,Healthy,0.945,0.025,0.025,0.005
3,3,Excess Oil,Excess Oil,0.015,0.0,0.01,0.975
2,2,Refrigerant Leak,Refrigerant Leak,0.005,0.0,0.985,0.01
1,1,Condenser Fouling,Condenser Fouling,0.08,0.92,0.0,0.0
3,3,Excess Oil,Excess Oil,0.055,0.03,0.05,0.865
1,1,Condenser Fouling,Condenser Fouling,0.01,0.985,0.0,0.005
3,3,Excess Oil,Excess Oil,0.01,0.0,0.0,0.99
1,1,Condenser Fouling,Condenser Fouling,0.225,0.77,0.005,0.0
2,2,Refrigerant Leak,Refrigerant Leak,0.13,0.0,0.845,0.025
0,0,Healthy,Healthy,0.785,0.0,0.16,0.055
2,2,Refrigerant Leak,Refrigerant Leak,0.0,0.0,1.0,0.0
1,1,Condenser Fouling,Condenser Fouling,0.17,0.83,0.0,0.0
0,0,Healthy,Healthy,0.99,0.0,0.01,0.0
1,1,Condenser Fouling,Condenser Fouling,0.265,0.735,0.0,0.0
2,2,Refrigerant Leak,Refrigerant Leak,0.015,0.0,0.98,0.005
1,1,Condenser Fouling,Condenser Fouling,0.005,0.995,0.0,0.0
0,0,Healthy,Healthy,0.915,0.005,0.055,0.025
3,3,Excess Oil,Excess Oil,0.0,0.0,0.0,1.0
0,0,Healthy,Healthy,0.525,0.005,0.19,0.28
2,2,Refrigerant Leak,Refrigerant Leak,0.23,0.005,0.74,0.025
1,1,Condenser Fouling,Condenser Fouling,0.095,0.9,0.005,0.0
1,1,Condenser Fouling,Condenser Fouling,0.075,0.925,0.0,0.0
3,3,Excess Oil,Excess Oil,0.0,0.0,0.0,1.0
1,1,Condenser Fouling,Condenser Fouling,0.045,0.955,0.0,0.0
3,3,Excess Oil,Excess Oil,0.0,0.0,0.0,1.0
0,0,Healthy,Healthy,0.87,0.0,0.125,0.005
0,0,Healthy,Healthy,0.96,0.01,0.02,0.01
3,3,Excess Oil,Excess Oil,0.03,0.005,0.075,0.89
0,0,Healthy,Healthy,0.965,0.01,0.025,0.0
1,1,Condenser Fouling,Condenser Fouling,0.035,0.965,0.0,0.0
2,2,Refrigerant Leak,Refrigerant Leak,0.2,0.0,0.77,0.03
3,3,Excess Oil,Excess Oil,0.1,0.0,0.03,0.87
1,1,Condenser Fouling,Condenser Fouling,0.115,0.885,0.0,0.0
1,1,Condenser Fouling,Condenser Fouling,0.005,0.995,0.0,0.0
1,1,Condenser Fouling,Condenser Fouling,0.175,0.825,0.0,0.0
3,3,Excess Oil,Excess Oil,0.155,0.0,0.105,0.74
3,3,Excess Oil,Excess Oil,0.0,0.0,0.0,1.0
0,0,Healthy,Healthy,0.73,0.0,0.21,0.06
2,2,Refrigerant Leak,Refrigerant Leak,0.205,0.0,0.72,0.075
1,1,Condenser Fouling,Condenser Fouling,0.085,0.91,0.0,0.005
0,0,Healthy,Healthy,0.93,0.07,0.0,0.0
2,2,Refrigerant Leak,Refrigerant Leak,0.0,0.0,1.0,0.0
2,2,Refrigerant Leak,Refrigerant Leak,0.03,0.0,0.97,0.0
2,2,Refrigerant Leak,Refrigerant Leak,0.0,0.005,0.995,0.0
3,3,Excess Oil,Excess Oil,0.015,0.0,0.005,0.98
3,3,Excess Oil,Excess Oil,0.0,0.005,0.0,0.995
1,1,Condenser Fouling,Condenser Fouling,0.385,0.615,0.0,0.0
2,2,Refrigerant Leak,Refrigerant Leak,0.0,0.0,1.0,0.0
2,2,Refrigerant Leak,Refrigerant Leak,0.015,0.0,0.985,0.0
2,2,Refrigerant Leak,Refrigerant Leak,0.28,0.0,0.56,0.16
0,0,Healthy,Healthy,0.705,0.005,0.17,0.12
2,2,Refrigerant Leak,Refrigerant Leak,0.015,0.0,0.98,0.005
2,2,Refrigerant Leak,Refrigerant Leak,0.01,0.0,0.99,0.0
0,0,Healthy,Healthy,0.565,0.315,0.08,0.04
0,0,Healthy,Healthy,0.6,0.0,0.135,0.265
2,2,Refrigerant Leak,Refrigerant Leak,0.01,0.0,0.99,0.0
1,1,Condenser Fouling,Condenser Fouling,0.385,0.495,0.11,0.01
0,0,Healthy,Healthy,0.685,0.315,0.0,0.0
3,3,Excess Oil,Excess Oil,0.19,0.0,0.19,0.62
2,2,Refrigerant Leak,Refrigerant Leak,0.0,0.0,0.995,0.005
3,3,Excess Oil,Excess Oil,0.0,0.0,0.0,1.0
2,2,Refrigerant Leak,Refrigerant Leak,0.075,0.0,0.915,0.01
3,3,Excess Oil,Excess Oil,0.0,0.0,0.0,1.0
1,1,Condenser Fouling,Condenser Fouling,0.0,1.0,0.0,0.0
2,2,Refrigerant Leak,Refrigerant Leak,0.06,0.0,0.935,0.005
3,3,Excess Oil,Excess Oil,0.0,0.0,0.0,1.0
3,3,Excess Oil,Excess Oil,0.1,0.0,0.055,0.845
1,1,Condenser Fouling,Condenser Fouling,0.01,0.99,0.0,0.0
2,2,Refrigerant Leak,Refrigerant Leak,0.085,0.0,0.9,0.015
2,2,Refrigerant Leak,Refrigerant Leak,0.01,0.0,0.99,0.0
3,3,Excess Oil,Excess Oil,0.005,0.0,0.01,0.985
1,1,Condenser Fouling,Condenser Fouling,0.055,0.945,0.0,0.0
2,2,Refrigerant Leak,Refrigerant Leak,0.2,0.0,0.79,0.01
0,0,Healthy,Healthy,0.83,0.0,0.065,0.105
3,3,Excess Oil,Excess Oil,0.08,0.0,0.08,0.84
1,1,Condenser Fouling,Condenser Fouling,0.0,1.0,0.0,0.0
1,1,Condenser Fouling,Condenser Fouling,0.025,0.975,0.0,0.0
0,0,Healthy,Healthy,0.71,0.0,0.16,0.13
3,3,Excess Oil,Excess Oil,0.0,0.0,0.0,1.0
0,0,Healthy,Healthy,0.74,0.0,0.165,0.095
3,3,Excess Oil,Excess Oil,0.01,0.0,0.005,0.985
0,0,Healthy,Healthy,0.99,0.0,0.005,0.005
1,1,Condenser Fouling,Condenser Fouling,0.025,0.975,0.0,0.0
2,2,Refrigerant Leak,Refrigerant Leak,0.015,0.0,0.985,0.0
1,1,Condenser Fouling,Condenser Fouling,0.045,0.955,0.0,0.0
3,3,Excess Oil,Excess Oil,0.0,0.0,0.0,1.0
0,0,Healthy,Healthy,0.715,0.285,0.0,0.0
0,0,Healthy,Healthy,0.995,0.0,0.005,0.0
2,2,Refrigerant Leak,Refrigerant Leak,0.39,0.005,0.55,0.055
3,3,Excess Oil,Excess Oil,0.105,0.0,0.045,0.85
0,0,Healthy,Healthy,0.605,0.005,0.365,0.025
2,2,Refrigerant Leak,Refrigerant Leak,0.105,0.0,0.87,0.025
2,2,Refrigerant Leak,Refrigerant Leak,0.165,0.0,0.825,0.01
1,1,Condenser Fouling,Condenser Fouling,0.015,0.98,0.005,0.0
0,0,Healthy,Healthy,0.975,0.025,0.0,0.0
1,1,Condenser Fouling,Condenser Fouling,0.035,0.965,0.0,0.0
3,3,Excess Oil,Excess Oil,0.28,0.0,0.16,0.56
1,1,Condenser Fouling,Condenser Fouling,0.075,0.925,0.0,0.0
1,1,Condenser Fouling,Condenser Fouling,0.145,0.855,0.0,0.0
3,3,Excess Oil,Excess Oil,0.035,0.0,0.01,0.955
2,2,Refrigerant Leak,Refrigerant Leak,0.03,0.0,0.965,0.005
1,1,Condenser Fouling,Condenser Fouling,0.02,0.98,0.0,0.0
2,2,Refrigerant Leak,Refrigerant Leak,0.19,0.005,0.765,0.04
0,0,Healthy,Healthy,0.945,0.0,0.03,0.025
1,1,Condenser Fouling,Condenser Fouling,0.065,0.935,0.0,0.0
2,2,Refrigerant Leak,Refrigerant Leak,0.005,0.0,0.99,0.005
0,2,Healthy,Refrigerant Leak,0.435,0.02,0.45,0.095
1,1,Condenser Fouling,Condenser Fouling,0.025,0.965,0.005,0.005
2,2,Refrigerant Leak,Refrigerant Leak,0.06,0.0,0.93,0.01
2,2,Refrigerant Leak,Refrigerant Leak,0.225,0.08,0.595,0.1
1,1,Condenser Fouling,Condenser Fouling,0.0,1.0,0.0,0.0
0,0,Healthy,Healthy,0.74,0.0,0.205,0.055
0,0,Healthy,Healthy,0.885,0.115,0.0,0.0
2,2,Refrigerant Leak,Refrigerant Leak,0.045,0.0,0.94,0.015
2,2,Refrigerant Leak,Refrigerant Leak,0.155,0.0,0.84,0.005
1,1,Condenser Fouling,Condenser Fouling,0.09,0.91,0.0,0.0
2,2,Refrigerant Leak,Refrigerant Leak,0.005,0.0,0.995,0.0
0,0,Healthy,Healthy,0.56,0.005,0.365,0.07
2,2,Refrigerant Leak,Refrigerant Leak,0.025,0.0,0.97,0.005
2,2,Refrigerant Leak,Refrigerant Leak,0.035,0.0,0.925,0.04
3,3,Excess Oil,Excess Oil,0.005,0.0,0.0,0.995
3,3,Excess Oil,Excess Oil,0.015,0.0,0.0,0.985
3,3,Excess Oil,Excess Oil,0.16,0.0,0.145,0.695
2,2,Refrigerant Leak,Refrigerant Leak,0.04,0.0,0.955,0.005
1,1,Condenser Fouling,Condenser Fouling,0.03,0.97,0.0,0.0
0,0,Healthy,Healthy,0.865,0.135,0.0,0.0
1,1,Condenser Fouling,Condenser Fouling,0.035,0.965,0.0,0.0
1,1,Condenser Fouling,Condenser Fouling,0.225,0.69,0.075,0.01
3,3,Excess Oil,Excess Oil,0.0,0.0,0.0,1.0
2,2,Refrigerant Leak,Refrigerant Leak,0.2,0.0,0.715,0.085
0,0,Healthy,Healthy,0.75,0.0,0.17,0.08
0,0,Healthy,Healthy,0.675,0.005,0.3,0.02
2,2,Refrigerant Leak,Refrigerant Leak,0.0,0.0,1.0,0.0
0,0,Healthy,Healthy,0.985,0.005,0.005,0.005
1,1,Condenser Fouling,Condenser Fouling,0.005,0.995,0.0,0.0
3,3,Excess Oil,Excess Oil,0.025,0.005,0.025,0.945
3,3,Excess Oil,Excess Oil,0.025,0.0,0.025,0.95
2,2,Refrigerant Leak,Refrigerant Leak,0.1,0.0,0.895,0.005
0,0,Healthy,Healthy,0.805,0.19,0.005,0.0
2,2,Refrigerant Leak,Refrigerant Leak,0.17,0.0,0.815,0.015
3,3,Excess Oil,Excess Oil,0.01,0.0,0.0,0.99
0,0,Healthy,Healthy,0.885,0.0,0.055,0.06
1,1,Condenser Fouling,Condenser Fouling,0.045,0.955,0.0,0.0
0,0,Healthy,Healthy,0.69,0.305,0.005,0.0
2,2,Refrigerant Leak,Refrigerant Leak,0.11,0.0,0.875,0.015
2,2,Refrigerant Leak,Refrigerant Leak,0.155,0.0,0.815,0.03
0,2,Healthy,Refrigerant Leak,0.38,0.0,0.54,0.08
0,0,Healthy,Healthy,0.805,0.005,0.17,0.02
0,0,Healthy,Healthy,0.88,0.12,0.0,0.0
2,2,Refrigerant Leak,Refrigerant Leak,0.01,0.0,0.98,0.01
2,2,Refrigerant Leak,Refrigerant Leak,0.025,0.0,0.975,0.0
1,1,Condenser Fouling,Condenser Fouling,0.02,0.98,0.0,0.0
1,1,Condenser Fouling,Condenser Fouling,0.11,0.89,0.0,0.0
1,1,Condenser Fouling,Condenser Fouling,0.005,0.995,0.0,0.0
3,3,Excess Oil,Excess Oil,0.005,0.0,0.0,0.995
1,1,Condenser Fouling,Condenser Fouling,0.03,0.97,0.0,0.0
0,0,Healthy,Healthy,0.815,0.185,0.0,0.0
3,3,Excess Oil,Excess Oil,0.0,0.0,0.0,1.0
2,2,Refrigerant Leak,Refrigerant Leak,0.115,0.0,0.855,0.03
3,3,Excess Oil,Excess Oil,0.05,0.0,0.005,0.945
3,3,Excess Oil,Excess Oil,0.0,0.0,0.0,1.0
2,2,Refrigerant Leak,Refrigerant Leak,0.015,0.0,0.975,0.01
1,1,Condenser Fouling,Condenser Fouling,0.01,0.99,0.0,0.0
3,3,Excess Oil,Excess Oil,0.0,0.0,0.0,1.0
3,3,Excess Oil,Excess Oil,0.0,0.0,0.0,1.0
0,0,Healthy,Healthy,0.96,0.0,0.04,0.0
2,2,Refrigerant Leak,Refrigerant Leak,0.255,0.0,0.685,0.06
1,1,Condenser Fouling,Condenser Fouling,0.01,0.99,0.0,0.0
0,0,Healthy,Healthy,0.74,0.0,0.215,0.045
3,3,Excess Oil,Excess Oil,0.0,0.0,0.0,1.0
2,2,Refrigerant Leak,Refrigerant Leak,0.045,0.0,0.935,0.02
3,3,Excess Oil,Excess Oil,0.005,0.0,0.0,0.995
2,2,Refrigerant Leak,Refrigerant Leak,0.27,0.0,0.64,0.09
0,0,Healthy,Healthy,0.66,0.0,0.29,0.05
0,0,Healthy,Healthy,0.775,0.0,0.085,0.14
3,3,Excess Oil,Excess Oil,0.03,0.005,0.01,0.955
3,3,Excess Oil,Excess Oil,0.0,0.0,0.005,0.995
3,3,Excess Oil,Excess Oil,0.0,0.0,0.0,1.0
0,0,Healthy,Healthy,0.925,0.0,0.06,0.015
3,3,Excess Oil,Excess Oil,0.0,0.01,0.005,0.985
1,1,Condenser Fouling,Condenser Fouling,0.4,0.595,0.0,0.005
3,3,Excess Oil,Excess Oil,0.0,0.0,0.0,1.0
1,1,Condenser Fouling,Condenser Fouling,0.11,0.885,0.005,0.0
0,0,Healthy,Healthy,0.97,0.025,0.005,0.0
2,2,Refrigerant Leak,Refrigerant Leak,0.0,0.005,0.985,0.01
2,2,Refrigerant Leak,Refrigerant Leak,0.06,0.0,0.93,0.01
1,1,Condenser Fouling,Condenser Fouling,0.025,0.975,0.0,0.0
1,1,Condenser Fouling,Condenser Fouling,0.305,0.695,0.0,0.0
1,1,Condenser Fouling,Condenser Fouling,0.005,0.995,0.0,0.0
1,1,Condenser Fouling,Condenser Fouling,0.04,0.96,0.0,0.0
1,1,Condenser Fouling,Condenser Fouling,0.15,0.85,0.0,0.0
2,2,Refrigerant Leak,Refrigerant Leak,0.135,0.01,0.82,0.035
0,1,Healthy,Condenser Fouling,0.44,0.56,0.0,0.0
2,2,Refrigerant Leak,Refrigerant Leak,0.09,0.005,0.85,0.055
3,3,Excess Oil,Excess Oil,0.02,0.0,0.005,0.975
3,3,Excess Oil,Excess Oil,0.0,0.0,0.0,1.0
1,1,Condenser Fouling,Condenser Fouling,0.02,0.98,0.0,0.0
2,2,Refrigerant Leak,Refrigerant Leak,0.02,0.0,0.98,0.0
2,2,Refrigerant Leak,Refrigerant Leak,0.025,0.01,0.955,0.01
1,1,Condenser Fouling,Condenser Fouling,0.015,0.985,0.0,0.0
1,1,Condenser Fouling,Condenser Fouling,0.02,0.98,0.0,0.0
1,1,Condenser Fouling,Condenser Fouling,0.14,0.855,0.005,0.0
2,2,Refrigerant Leak,Refrigerant Leak,0.34,0.0,0.54,0.12
0,0,Healthy,Healthy,0.855,0.0,0.07,0.075
1,1,Condenser Fouling,Condenser Fouling,0.02,0.98,0.0,0.0
1,1,Condenser Fouling,Condenser Fouling,0.005,0.995,0.0,0.0
1,1,Condenser Fouling,Condenser Fouling,0.0,1.0,0.0,0.0
3,3,Excess Oil,Excess Oil,0.0,0.0,0.005,0.995
1,1,Condenser Fouling,Condenser Fouling,0.0,1.0,0.0,0.0
2,2,Refrigerant Leak,Refrigerant Leak,0.415,0.0,0.54,0.045
3,3,Excess Oil,Excess Oil,0.005,0.0,0.0,0.995
0,0,Healthy,Healthy,0.68,0.005,0.12,0.195
3,3,Excess Oil,Excess Oil,0.185,0.0,0.075,0.74
2,2,Refrigerant Leak,Refrigerant Leak,0.0,0.0,1.0,0.0
1,1,Condenser Fouling,Condenser Fouling,0.0,1.0,0.0,0.0
1,1,Condenser Fouling,Condenser Fouling,0.045,0.955,0.0,0.0
3,3,Excess Oil,Excess Oil,0.02,0.0,0.005,0.975
3,3,Excess Oil,Excess Oil,0.155,0.0,0.04,0.805
3,3,Excess Oil,Excess Oil,0.015,0.0,0.01,0.975
1,1,Condenser Fouling,Condenser Fouling,0.27,0.725,0.0,0.005
3,3,Excess Oil,Excess Oil,0.0,0.0,0.0,1.0
2,2,Refrigerant Leak,Refrigerant Leak,0.02,0.0,0.975,0.005
3,3,Excess Oil,Excess Oil,0.0,0.0,0.0,1.0
3,3,Excess Oil,Excess Oil,0.01,0.0,0.0,0.99
0,0,Healthy,Healthy,0.935,0.065,0.0,0.0
2,2,Refrigerant Leak,Refrigerant Leak,0.095,0.045,0.66,0.2
3,3,Excess Oil,Excess Oil,0.0,0.0,0.0,1.0
2,2,Refrigerant Leak,Refrigerant Leak,0.015,0.0,0.97,0.015
3,3,Excess Oil,Excess Oil,0.0,0.0,0.0,1.0
3,3,Excess Oil,Excess Oil,0.005,0.0,0.0,0.995
3,3,Excess Oil,Excess Oil,0.025,0.0,0.005,0.97
0,0,Healthy,Healthy,0.885,0.0,0.08,0.035
2,2,Refrigerant Leak,Refrigerant Leak,0.24,0.005,0.675,0.08
0,0,Healthy,Healthy,0.885,0.0,0.04,0.075
1,1,Condenser Fouling,Condenser Fouling,0.075,0.92,0.005,0.0
0,0,Healthy,Healthy,0.98,0.02,0.0,0.0
1,1,Condenser Fouling,Condenser Fouling,0.085,0.915,0.0,0.0
1,1,Condenser Fouling,Condenser Fouling,0.01,0.99,0.0,0.0
3,3,Excess Oil,Excess Oil,0.0,0.0,0.0,1.0
1,1,Condenser Fouling,Condenser Fouling,0.005,0.995,0.0,0.0
2,2,Refrigerant Leak,Refrigerant Leak,0.01,0.0,0.985,0.005
3,3,Excess Oil,Excess Oil,0.025,0.0,0.005,0.97
3,3,Excess Oil,Excess Oil,0.0,0.0,0.0,1.0
3,3,Excess Oil,Excess Oil,0.035,0.0,0.0,0.965
0,0,Healthy,Healthy,0.865,0.005,0.11,0.02
2,2,Refrigerant Leak,Refrigerant Leak,0.055,0.0,0.92,0.025
1,1,Condenser Fouling,Condenser Fouling,0.005,0.995,0.0,0.0
0,0,Healthy,Healthy,0.715,0.005,0.225,0.055
2,2,Refrigerant Leak,Refrigerant Leak,0.095,0.035,0.825,0.045
3,3,Excess Oil,Excess Oil,0.0,0.0,0.0,1.0
2,2,Refrigerant Leak,Refrigerant Leak,0.19,0.0,0.79,0.02
3,3,Excess Oil,Excess Oil,0.005,0.0,0.0,0.995
1,1,Condenser Fouling,Condenser Fouling,0.02,0.98,0.0,0.0
1,1,Condenser Fouling,Condenser Fouling,0.065,0.935,0.0,0.0
0,0,Healthy,Healthy,0.77,0.0,0.19,0.04
1,1,Condenser Fouling,Condenser Fouling,0.075,0.925,0.0,0.0
0,0,Healthy,Healthy,0.97,0.0,0.015,0.015
2,2,Refrigerant Leak,Refrigerant Leak,0.065,0.0,0.915,0.02
0,0,Healthy,Healthy,0.715,0.0,0.17,0.115
3,3,Excess Oil,Excess Oil,0.005,0.0,0.0,0.995
2,2,Refrigerant Leak,Refrigerant Leak,0.055,0.0,0.93,0.015
0,0,Healthy,Healthy,0.515,0.0,0.46,0.025
3,3,Excess Oil,Excess Oil,0.035,0.0,0.005,0.96
0,0,Healthy,Healthy,0.56,0.0,0.325,0.115
0,0,Healthy,Healthy,0.555,0.445,0.0,0.0
1,1,Condenser Fouling,Condenser Fouling,0.06,0.94,0.0,0.0
2,2,Refrigerant Leak,Refrigerant Leak,0.0,0.0,1.0,0.0
3,3,Excess Oil,Excess Oil,0.165,0.0,0.03,0.805
1,1,Condenser Fouling,Condenser Fouling,0.33,0.67,0.0,0.0
1,1,Condenser Fouling,Condenser Fouling,0.015,0.985,0.0,0.0
0,0,Healthy,Healthy,0.955,0.0,0.02,0.025
1,1,Condenser Fouling,Condenser Fouling,0.03,0.97,0.0,0.0
0,0,Healthy,Healthy,0.755,0.005,0.025,0.215
2,2,Refrigerant Leak,Refrigerant Leak,0.075,0.0,0.915,0.01
3,3,Excess Oil,Excess Oil,0.07,0.0,0.005,0.925
3,3,Excess Oil,Excess Oil,0.155,0.0,0.09,0.755
1,1,Condenser Fouling,Condenser Fouling,0.295,0.705,0.0,0.0
0,0,Healthy,Healthy,0.9,0.015,0.045,0.04
0,0,Healthy,Healthy,0.845,0.155,0.0,0.0
2,2,Refrigerant Leak,Refrigerant Leak,0.095,0.0,0.895,0.01
0,0,Healthy,Healthy,0.655,0.34,0.0,0.005
2,2,Refrigerant Leak,Refrigerant Leak,0.18,0.0,0.795,0.025
2,2,Refrigerant Leak,Refrigerant Leak,0.01,0.0,0.98,0.01
1,1,Condenser Fouling,Condenser Fouling,0.01,0.99,0.0,0.0
1,1,Condenser Fouling,Condenser Fouling,0.02,0.98,0.0,0.0
0,0,Healthy,Healthy,0.895,0.0,0.105,0.0
1,1,Condenser Fouling,Condenser Fouling,0.32,0.68,0.0,0.0
3,3,Excess Oil,Excess Oil,0.0,0.0,0.0,1.0
3,3,Excess Oil,Excess Oil,0.0,0.0,0.0,1.0
3,3,Excess Oil,Excess Oil,0.03,0.0,0.035,0.935
1,1,Condenser Fouling,Condenser Fouling,0.025,0.975,0.0,0.0
3,3,Excess Oil,Excess Oil,0.015,0.005,0.0,0.98
2,2,Refrigerant Leak,Refrigerant Leak,0.01,0.0,0.99,0.0
3,3,Excess Oil,Excess Oil,0.0,0.0,0.0,1.0
0,0,Healthy,Healthy,0.925,0.0,0.035,0.04
2,2,Refrigerant Leak,Refrigerant Leak,0.095,0.0,0.895,0.01
1,1,Condenser Fouling,Condenser Fouling,0.125,0.875,0.0,0.0
1,1,Condenser Fouling,Condenser Fouling,0.055,0.935,0.005,0.005
0,0,Healthy,Healthy,0.905,0.0,0.055,0.04
1,1,Condenser Fouling,Condenser Fouling,0.015,0.985,0.0,0.0
0,0,Healthy,Healthy,0.93,0.0,0.045,0.025
1,1,Condenser Fouling,Condenser Fouling,0.055,0.945,0.0,0.0
2,2,Refrigerant Leak,Refrigerant Leak,0.02,0.0,0.97,0.01
2,2,Refrigerant Leak,Refrigerant Leak,0.015,0.0,0.985,0.0
3,3,Excess Oil,Excess Oil,0.0,0.0,0.0,1.0
0,0,Healthy,Healthy,0.675,0.0,0.3,0.025
0,0,Healthy,Healthy,0.915,0.025,0.045,0.015
0,0,Healthy,Healthy,0.5,0.495,0.0,0.005
0,0,Healthy,Healthy,0.77,0.0,0.195,0.035
3,3,Excess Oil,Excess Oil,0.165,0.005,0.295,0.535
0,0,Healthy,Healthy,0.915,0.085,0.0,0.0
3,3,Excess Oil,Excess Oil,0.065,0.0,0.055,0.88
3,3,Excess Oil,Excess Oil,0.045,0.005,0.02,0.93
2,2,Refrigerant Leak,Refrigerant Leak,0.155,0.0,0.81,0.035
3,3,Excess Oil,Excess Oil,0.0,0.0,0.0,1.0
0,0,Healthy,Healthy,0.77,0.0,0.115,0.115
3,3,Excess Oil,Excess Oil,0.0,0.0,0.0,1.0
0,0,Healthy,Healthy,0.975,0.0,0.02,0.005
2,2,Refrigerant Leak,Refrigerant Leak,0.035,0.0,0.965,0.0
1,1,Condenser Fouling,Condenser Fouling,0.24,0.755,0.0,0.005
2,2,Refrigerant Leak,Refrigerant Leak,0.06,0.0,0.91,0.03
0,0,Healthy,Healthy,0.8,0.2,0.0,0.0
2,2,Refrigerant Leak,Refrigerant Leak,0.035,0.0,0.95,0.015
1,1,Condenser Fouling,Condenser Fouling,0.36,0.64,0.0,0.0
2,2,Refrigerant Leak,Refrigerant Leak,0.025,0.0,0.97,0.005
1,1,Condenser Fouling,Condenser Fouling,0.055,0.945,0.0,0.0
3,3,Excess Oil,Excess Oil,0.0,0.0,0.0,1.0
2,2,Refrigerant Leak,Refrigerant Leak,0.075,0.0,0.92,0.005
0,0,Healthy,Healthy,0.79,0.045,0.145,0.02
0,0,Healthy,Healthy,0.645,0.01,0.26,0.085
3,3,Excess Oil,Excess Oil,0.0,0.0,0.0,1.0
0,0,Healthy,Healthy,0.97,0.02,0.005,0.005
0,0,Healthy,Healthy,0.845,0.005,0.13,0.02
3,3,Excess Oil,Excess Oil,0.035,0.0,0.01,0.955
0,0,Healthy,Healthy,0.785,0.16,0.045,0.01
0,0,Healthy,Healthy,0.725,0.26,0.01,0.005
0,3,Healthy,Excess Oil,0.22,0.195,0.22,0.365
3,3,Excess Oil,Excess Oil,0.17,0.0,0.19,0.64
1,1,Condenser Fouling,Condenser Fouling,0.01,0.99,0.0,0.0
2,2,Refrigerant Leak,Refrigerant Leak,0.045,0.0,0.95,0.005
2,2,Refrigerant Leak,Refrigerant Leak,0.035,0.0,0.96,0.005
1,1,Condenser Fouling,Condenser Fouling,0.005,0.995,0.0,0.0
2,2,Refrigerant Leak,Refrigerant Leak,0.01,0.0,0.985,0.005
3,3,Excess Oil,Excess Oil,0.005,0.0,0.005,0.99
0,0,Healthy,Healthy,0.895,0.105,0.0,0.0
3,3,Excess Oil,Excess Oil,0.025,0.0,0.005,0.97
3,3,Excess Oil,Excess Oil,0.0,0.0,0.0,1.0
1,1,Condenser Fouling,Condenser Fouling,0.215,0.78,0.005,0.0
3,3,Excess Oil,Excess Oil,0.0,0.0,0.0,1.0
2,2,Refrigerant Leak,Refrigerant Leak,0.005,0.0,0.995,0.0
2,2,Refrigerant Leak,Refrigerant Leak,0.0,0.0,0.99,0.01
0,0,Healthy,Healthy,0.645,0.0,0.25,0.105
1,1,Condenser Fouling,Condenser Fouling,0.055,0.945,0.0,0.0
3,3,Excess Oil,Excess Oil,0.1,0.0,0.035,0.865
3,3,Excess Oil,Excess Oil,0.075,0.0,0.405,0.52
0,0,Healthy,Healthy,0.63,0.36,0.01,0.0
2,2,Refrigerant Leak,Refrigerant Leak,0.0,0.0,1.0,0.0
0,0,Healthy,Healthy,0.705,0.28,0.01,0.005
1,1,Condenser Fouling,Condenser Fouling,0.24,0.655,0.1,0.005
2,2,Refrigerant Leak,Refrigerant Leak,0.03,0.01,0.93,0.03
3,3,Excess Oil,Excess Oil,0.03,0.0,0.02,0.95
3,3,Excess Oil,Excess Oil,0.145,0.0,0.19,0.665
1,1,Condenser Fouling,Condenser Fouling,0.07,0.93,0.0,0.0
0,0,Healthy,Healthy,0.77,0.01,0.215,0.005
2,2,Refrigerant Leak,Refrigerant Leak,0.015,0.0,0.985,0.0
1,1,Condenser Fouling,Condenser Fouling,0.005,0.995,0.0,0.0
3,3,Excess Oil,Excess Oil,0.0,0.0,0.0,1.0
1,1,Condenser Fouling,Condenser Fouling,0.0,1.0,0.0,0.0
1,1,Condenser Fouling,Condenser Fouling,0.0,1.0,0.0,0.0
2,2,Refrigerant Leak,Refrigerant Leak,0.04,0.0,0.96,0.0
0,2,Healthy,Refrigerant Leak,0.285,0.005,0.62,0.09
2,2,Refrigerant Leak,Refrigerant Leak,0.15,0.0,0.835,0.015
3,3,Excess Oil,Excess Oil,0.0,0.0,0.0,1.0
3,3,Excess Oil,Excess Oil,0.135,0.005,0.06,0.8
2,2,Refrigerant Leak,Refrigerant Leak,0.08,0.0,0.89,0.03
1,1,Condenser Fouling,Condenser Fouling,0.145,0.855,0.0,0.0
3,3,Excess Oil,Excess Oil,0.03,0.0,0.015,0.955
0,0,Healthy,Healthy,0.675,0.01,0.275,0.04
1,1,Condenser Fouling,Condenser Fouling,0.01,0.99,0.0,0.0
0,0,Healthy,Healthy,0.86,0.0,0.12,0.02
1,1,Condenser Fouling,Condenser Fouling,0.04,0.96,0.0,0.0
0,0,Healthy,Healthy,0.82,0.0,0.115,0.065
0,0,Healthy,Healthy,0.61,0.0,0.355,0.035
1,1,Condenser Fouling,Condenser Fouling,0.42,0.58,0.0,0.0
2,2,Refrigerant Leak,Refrigerant Leak,0.095,0.0,0.9,0.005
3,3,Excess Oil,Excess Oil,0.1,0.0,0.045,0.855
1,1,Condenser Fouling,Condenser Fouling,0.145,0.855,0.0,0.0
3,3,Excess Oil,Excess Oil,0.0,0.0,0.0,1.0
1,1,Condenser Fouling,Condenser Fouling,0.035,0.965,0.0,0.0
2,2,Refrigerant Leak,Refrigerant Leak,0.0,0.0,1.0,0.0
3,3,Excess Oil,Excess Oil,0.06,0.0,0.03,0.91
1,1,Condenser Fouling,Condenser Fouling,0.065,0.935,0.0,0.0
0,0,Healthy,Healthy,0.93,0.0,0.02,0.05
2,2,Refrigerant Leak,Refrigerant Leak,0.015,0.005,0.975,0.005
0,0,Healthy,Healthy,0.89,0.01,0.085,0.015
3,3,Excess Oil,Excess Oil,0.0,0.0,0.0,1.0
3,3,Excess Oil,Excess Oil,0.0,0.005,0.0,0.995
0,0,Healthy,Healthy,0.84,0.0,0.145,0.015
0,0,Healthy,Healthy,0.61,0.39,0.0,0.0
0,0,Healthy,Healthy,0.96,0.015,0.025,0.0
3,3,Excess Oil,Excess Oil,0.0,0.0,0.005,0.995
3,3,Excess Oil,Excess Oil,0.0,0.0,0.0,1.0
1,1,Condenser Fouling,Condenser Fouling,0.04,0.96,0.0,0.0
1,1,Condenser Fouling,Condenser Fouling,0.02,0.98,0.0,0.0
0,0,Healthy,Healthy,0.965,0.005,0.015,0.015
0,0,Healthy,Healthy,0.87,0.13,0.0,0.0
0,0,Healthy,Healthy,0.495,0.0,0.295,0.21
3,3,Excess Oil,Excess Oil,0.0,0.0,0.0,1.0
0,1,Healthy,Condenser Fouling,0.465,0.53,0.005,0.0
3,3,Excess Oil,Excess Oil,0.0,0.0,0.0,1.0
1,1,Condenser Fouling,Condenser Fouling,0.185,0.815,0.0,0.0
2,2,Refrigerant Leak,Refrigerant Leak,0.055,0.0,0.91,0.035
0,0,Healthy,Healthy,0.92,0.0,0.02,0.06
1,1,Condenser Fouling,Condenser Fouling,0.265,0.69,0.03,0.015
2,2,Refrigerant Leak,Refrigerant Leak,0.0,0.0,1.0,0.0
2,2,Refrigerant Leak,Refrigerant Leak,0.015,0.0,0.98,0.005
1,1,Condenser Fouling,Condenser Fouling,0.1,0.9,0.0,0.0
3,3,Excess Oil,Excess Oil,0.0,0.0,0.0,1.0
3,3,Excess Oil,Excess Oil,0.0,0.0,0.0,1.0
3,3,Excess Oil,Excess Oil,0.0,0.0,0.01,0.99
2,2,Refrigerant Leak,Refrigerant Leak,0.22,0.0,0.675,0.105
0,0,Healthy,Healthy,0.88,0.02,0.06,0.04
2,2,Refrigerant Leak,Refrigerant Leak,0.025,0.0,0.975,0.0
2,2,Refrigerant Leak,Refrigerant Leak,0.1,0.0,0.895,0.005
3,3,Excess Oil,Excess Oil,0.0,0.0,0.0,1.0
2,2,Refrigerant Leak,Refrigerant Leak,0.015,0.0,0.985,0.0
2,2,Refrigerant Leak,Refrigerant Leak,0.045,0.0,0.945,0.01
1,1,Condenser Fouling,Condenser Fouling,0.0,1.0,0.0,0.0
3,3,Excess Oil,Excess Oil,0.125,0.045,0.165,0.665
0,0,Healthy,Healthy,0.885,0.0,0.11,0.005
2,2,Refrigerant Leak,Refrigerant Leak,0.01,0.0,0.985,0.005
3,3,Excess Oil,Excess Oil,0.0,0.0,0.0,1.0
2,2,Refrigerant Leak,Refrigerant Leak,0.135,0.0,0.835,0.03
2,2,Refrigerant Leak,Refrigerant Leak,0.125,0.0,0.865,0.01
2,2,Refrigerant Leak,Refrigerant Leak,0.085,0.0,0.855,0.06
0,0,Healthy,Healthy,0.915,0.0,0.025,0.06
1,1,Condenser Fouling,Condenser Fouling,0.095,0.905,0.0,0.0
3,3,Excess Oil,Excess Oil,0.0,0.0,0.0,1.0
2,2,Refrigerant Leak,Refrigerant Leak,0.01,0.0,0.99,0.0
1,1,Condenser Fouling,Condenser Fouling,0.135,0.865,0.0,0.0
2,2,Refrigerant Leak,Refrigerant Leak,0.01,0.0,0.985,0.005
0,0,Healthy,Healthy,0.935,0.0,0.05,0.015
3,3,Excess Oil,Excess Oil,0.01,0.0,0.0,0.99
1,1,Condenser Fouling,Condenser Fouling,0.06,0.94,0.0,0.0
2,2,Refrigerant Leak,Refrigerant Leak,0.135,0.035,0.77,0.06
0,0,Healthy,Healthy,0.97,0.0,0.01,0.02
2,2,Refrigerant Leak,Refrigerant Leak,0.01,0.0,0.99,0.0
1,1,Condenser Fouling,Condenser Fouling,0.145,0.845,0.01,0.0
0,0,Healthy,Healthy,0.98,0.0,0.005,0.015
3,3,Excess Oil,Excess Oil,0.055,0.005,0.03,0.91
1,1,Condenser Fouling,Condenser Fouling,0.22,0.78,0.0,0.0
0,0,Healthy,Healthy,0.435,0.0,0.365,0.2
1,1,Condenser Fouling,Condenser Fouling,0.13,0.865,0.005,0.0
3,3,Excess Oil,Excess Oil,0.0,0.0,0.005,0.995
0,0,Healthy,Healthy,0.75,0.25,0.0,0.0
3,3,Excess Oil,Excess Oil,0.0,0.0,0.0,1.0
0,0,Healthy,Healthy,0.75,0.0,0.135,0.115
3,3,Excess Oil,Excess Oil,0.0,0.0,0.0,1.0
0,0,Healthy,Healthy,0.765,0.235,0.0,0.0
2,2,Refrigerant Leak,Refrigerant Leak,0.135,0.0,0.815,0.05
3,3,Excess Oil,Excess Oil,0.1,0.02,0.05,0.83
3,3,Excess Oil,Excess Oil,0.05,0.0,0.01,0.94
1,1,Condenser Fouling,Condenser Fouling,0.04,0.96,0.0,0.0
3,3,Excess Oil,Excess Oil,0.015,0.0,0.025,0.96
0,0,Healthy,Healthy,0.835,0.165,0.0,0.0
3,3,Excess Oil,Excess Oil,0.075,0.025,0.095,0.805
0,0,Healthy,Healthy,0.97,0.02,0.005,0.005
3,3,Excess Oil,Excess Oil,0.055,0.0,0.035,0.91
2,2,Refrigerant Leak,Refrigerant Leak,0.09,0.0,0.88,0.03
3,3,Excess Oil,Excess Oil,0.14,0.0,0.07,0.79
2,2,Refrigerant Leak,Refrigerant Leak,0.025,0.0,0.975,0.0
2,2,Refrigerant Leak,Refrigerant Leak,0.17,0.0,0.805,0.025
2,2,Refrigerant Leak,Refrigerant Leak,0.085,0.0,0.88,0.035
3,3,Excess Oil,Excess Oil,0.075,0.005,0.155,0.765
2,2,Refrigerant Leak,Refrigerant Leak,0.16,0.02,0.785,0.035
0,0,Healthy,Healthy,0.675,0.025,0.165,0.135
3,3,Excess Oil,Excess Oil,0.0,0.0,0.0,1.0
1,1,Condenser Fouling,Condenser Fouling,0.0,1.0,0.0,0.0
3,3,Excess Oil,Excess Oil,0.09,0.0,0.025,0.885
3,3,Excess Oil,Excess Oil,0.0,0.0,0.005,0.995
3,3,Excess Oil,Excess Oil,0.0,0.0,0.0,1.0
1,1,Condenser Fouling,Condenser Fouling,0.0,1.0,0.0,0.0
0,0,Healthy,Healthy,0.86,0.14,0.0,0.0
2,2,Refrigerant Leak,Refrigerant Leak,0.415,0.04,0.46,0.085
2,2,Refrigerant Leak,Refrigerant Leak,0.175,0.0,0.805,0.02
3,3,Excess Oil,Excess Oil,0.06,0.13,0.105,0.705
0,0,Healthy,Healthy,0.94,0.06,0.0,0.0
3,3,Excess Oil,Excess Oil,0.025,0.0,0.01,0.965
1,1,Condenser Fouling,Condenser Fouling,0.25,0.74,0.005,0.005
2,2,Refrigerant Leak,Refrigerant Leak,0.0,0.0,1.0,0.0
3,3,Excess Oil,Excess Oil,0.015,0.0,0.0,0.985
2,2,Refrigerant Leak,Refrigerant Leak,0.14,0.0,0.82,0.04
0,0,Healthy,Healthy,0.92,0.08,0.0,0.0
3,3,Excess Oil,Excess Oil,0.02,0.0,0.005,0.975
2,2,Refrigerant Leak,Refrigerant Leak,0.075,0.0,0.915,0.01
0,0,Healthy,Healthy,0.97,0.015,0.01,0.005
2,2,Refrigerant Leak,Refrigerant Leak,0.02,0.0,0.98,0.0
1,1,Condenser Fouling,Condenser Fouling,0.125,0.875,0.0,0.0
1,1,Condenser Fouling,Condenser Fouling,0.04,0.96,0.0,0.0
3,3,Excess Oil,Excess Oil,0.145,0.0,0.115,0.74
2,2,Refrigerant Leak,Refrigerant Leak,0.145,0.005,0.85,0.0
0,0,Healthy,Healthy,0.955,0.0,0.015,0.03
1,1,Condenser Fouling,Condenser Fouling,0.01,0.99,0.0,0.0
0,0,Healthy,Healthy,0.75,0.015,0.15,0.085
0,0,Healthy,Healthy,0.36,0.275,0.235,0.13
2,2,Refrigerant Leak,Refrigerant Leak,0.05,0.0,0.905,0.045
0,0,Healthy,Healthy,0.53,0.015,0.405,0.05
0,2,Healthy,Refrigerant Leak,0.23,0.005,0.45,0.315
2,2,Refrigerant Leak,Refrigerant Leak,0.01,0.0,0.985,0.005
3,3,Excess Oil,Excess Oil,0.0,0.0,0.0,1.0
2,2,Refrigerant Leak,Refrigerant Leak,0.0,0.0,1.0,0.0
0,0,Healthy,Healthy,0.73,0.0,0.205,0.065
3,3,Excess Oil,Excess Oil,0.0,0.0,0.0,1.0
2,2,Refrigerant Leak,Refrigerant Leak,0.04,0.0,0.94,0.02
3,3,Excess Oil,Excess Oil,0.0,0.0,0.0,1.0
3,3,Excess Oil,Excess Oil,0.03,0.0,0.0,0.97
0,0,Healthy,Healthy,0.87,0.13,0.0,0.0
1,1,Condenser Fouling,Condenser Fouling,0.0,1.0,0.0,0.0
0,0,Healthy,Healthy,0.925,0.07,0.0,0.005
2,2,Refrigerant Leak,Refrigerant Leak,0.015,0.0,0.97,0.015
0,0,Healthy,Healthy,0.76,0.24,0.0,0.0
2,2,Refrigerant Leak,Refrigerant Leak,0.035,0.0,0.965,0.0
3,3,Excess Oil,Excess Oil,0.02,0.0,0.03,0.95
3,3,Excess Oil,Excess Oil,0.025,0.0,0.045,0.93
2,2,Refrigerant Leak,Refrigerant Leak,0.0,0.0,1.0,0.0
1,1,Condenser Fouling,Condenser Fouling,0.05,0.95,0.0,0.0
0,0,Healthy,Healthy,0.665,0.0,0.26,0.075
1,1,Condenser Fouling,Condenser Fouling,0.165,0.835,0.0,0.0
3,3,Excess Oil,Excess Oil,0.045,0.0,0.0,0.955
1,1,Condenser Fouling,Condenser Fouling,0.445,0.55,0.005,0.0
0,0,Healthy,Healthy,0.87,0.0,0.07,0.06
3,3,Excess Oil,Excess Oil,0.005,0.0,0.01,0.985
1,1,Condenser Fouling,Condenser Fouling,0.16,0.84,0.0,0.0
1,1,Condenser Fouling,Condenser Fouling,0.045,0.955,0.0,0.0
0,0,Healthy,Healthy,0.835,0.165,0.0,0.0
0,0,Healthy,Healthy,0.945,0.0,0.055,0.0
3,3,Excess Oil,Excess Oil,0.005,0.0,0.0,0.995
0,0,Healthy,Healthy,0.81,0.0,0.17,0.02
3,3,Excess Oil,Excess Oil,0.15,0.005,0.16,0.685
2,2,Refrigerant Leak,Refrigerant Leak,0.195,0.005,0.735,0.065
1,1,Condenser Fouling,Condenser Fouling,0.03,0.97,0.0,0.0
1,1,Condenser Fouling,Condenser Fouling,0.15,0.85,0.0,0.0
1,1,Condenser Fouling,Condenser Fouling,0.045,0.955,0.0,0.0
3,3,Excess Oil,Excess Oil,0.005,0.0,0.005,0.99
3,3,Excess Oil,Excess Oil,0.0,0.0,0.0,1.0
3,3,Excess Oil,Excess Oil,0.005,0.0,0.0,0.995
0,2,Healthy,Refrigerant Leak,0.375,0.0,0.59,0.035
2,2,Refrigerant Leak,Refrigerant Leak,0.09,0.0,0.895,0.015
0,0,Healthy,Healthy,0.965,0.01,0.025,0.0
2,2,Refrigerant Leak,Refrigerant Leak,0.005,0.0,0.995,0.0
2,2,Refrigerant Leak,Refrigerant Leak,0.055,0.0,0.945,0.0
1,1,Condenser Fouling,Condenser Fouling,0.005,0.995,0.0,0.0
0,0,Healthy,Healthy,0.88,0.12,0.0,0.0
1,1,Condenser Fouling,Condenser Fouling,0.135,0.865,0.0,0.0
2,2,Refrigerant Leak,Refrigerant Leak,0.0,0.0,1.0,0.0
1,1,Condenser Fouling,Condenser Fouling,0.035,0.965,0.0,0.0
1,1,Condenser Fouling,Condenser Fouling,0.27,0.73,0.0,0.0
1,1,Condenser Fouling,Condenser Fouling,0.005,0.995,0.0,0.0
3,3,Excess Oil,Excess Oil,0.005,0.0,0.0,0.995
0,0,Healthy,Healthy,0.96,0.0,0.035,0.005
0,0,Healthy,Healthy,0.97,0.005,0.02,0.005
3,3,Excess Oil,Excess Oil,0.005,0.0,0.0,0.995
0,0,Healthy,Healthy,0.605,0.015,0.1,0.28
3,3,Excess Oil,Excess Oil,0.0,0.0,0.0,1.0
1,1,Condenser Fouling,Condenser Fouling,0.075,0.925,0.0,0.0
3,3,Excess Oil,Excess Oil,0.0,0.0,0.0,1.0
3,3,Excess Oil,Excess Oil,0.0,0.0,0.0,1.0
2,2,Refrigerant Leak,Refrigerant Leak,0.015,0.0,0.975,0.01
2,2,Refrigerant Leak,Refrigerant Leak,0.045,0.0,0.955,0.0
3,3,Excess Oil,Excess Oil,0.005,0.0,0.005,0.99
1,1,Condenser Fouling,Condenser Fouling,0.015,0.985,0.0,0.0
0,0,Healthy,Healthy,0.965,0.0,0.015,0.02
3,3,Excess Oil,Excess Oil,0.0,0.0,0.0,1.0
3,3,Excess Oil,Excess Oil,0.04,0.0,0.015,0.945
0,0,Healthy,Healthy,0.84,0.01,0.105,0.045
3,3,Excess Oil,Excess Oil,0.34,0.01,0.275,0.375
3,3,Excess Oil,Excess Oil,0.07,0.055,0.085,0.79
3,3,Excess Oil,Excess Oil,0.005,0.0,0.015,0.98
0,0,Healthy,Healthy,0.83,0.0,0.11,0.06
1,1,Condenser Fouling,Condenser Fouling,0.01,0.99,0.0,0.0
2,2,Refrigerant Leak,Refrigerant Leak,0.01,0.0,0.985,0.005
0,0,Healthy,Healthy,0.94,0.0,0.035,0.025
2,2,Refrigerant Leak,Refrigerant Leak,0.35,0.005,0.56,0.085
1,1,Condenser Fouling,Condenser Fouling,0.015,0.985,0.0,0.0
3,3,Excess Oil,Excess Oil,0.005,0.0,0.0,0.995
1,1,Condenser Fouling,Condenser Fouling,0.07,0.93,0.0,0.0
2,2,Refrigerant Leak,Refrigerant Leak,0.0,0.0,1.0,0.0
1,1,Condenser Fouling,Condenser Fouling,0.075,0.925,0.0,0.0
3,3,Excess Oil,Excess Oil,0.0,0.0,0.0,1.0
2,2,Refrigerant Leak,Refrigerant Leak,0.02,0.0,0.975,0.005
3,3,Excess Oil,Excess Oil,0.0,0.0,0.0,1.0
1,1,Condenser Fouling,Condenser Fouling,0.17,0.825,0.005,0.0
3,3,Excess Oil,Excess Oil,0.0,0.0,0.0,1.0
3,3,Excess Oil,Excess Oil,0.0,0.0,0.0,1.0
1,1,Condenser Fouling,Condenser Fouling,0.05,0.95,0.0,0.0
3,3,Excess Oil,Excess Oil,0.0,0.0,0.0,1.0
0,3,Healthy,Excess Oil,0.405,0.0,0.145,0.45
3,3,Excess Oil,Excess Oil,0.005,0.0,0.0,0.995
2,2,Refrigerant Leak,Refrigerant Leak,0.09,0.005,0.84,0.065
2,2,Refrigerant Leak,Refrigerant Leak,0.045,0.0,0.95,0.005
3,3,Excess Oil,Excess Oil,0.0,0.0,0.0,1.0
1,1,Condenser Fouling,Condenser Fouling,0.16,0.84,0.0,0.0
3,3,Excess Oil,Excess Oil,0.0,0.0,0.0,1.0
1,1,Condenser Fouling,Condenser Fouling,0.035,0.965,0.0,0.0
1,1,Condenser Fouling,Condenser Fouling,0.17,0.83,0.0,0.0
3,3,Excess Oil,Excess Oil,0.0,0.0,0.0,1.0
0,0,Healthy,Healthy,0.87,0.005,0.12,0.005
3,3,Excess Oil,Excess Oil,0.005,0.0,0.005,0.99
3,3,Excess Oil,Excess Oil,0.025,0.0,0.005,0.97
1,1,Condenser Fouling,Condenser Fouling,0.105,0.895,0.0,0.0
0,0,Healthy,Healthy,0.835,0.015,0.1,0.05
3,3,Excess Oil,Excess Oil,0.015,0.0,0.0,0.985
1,1,Condenser Fouling,Condenser Fouling,0.115,0.88,0.0,0.005
0,0,Healthy,Healthy,0.7,0.0,0.2,0.1
0,0,Healthy,Healthy,0.78,0.005,0.05,0.165
1,1,Condenser Fouling,Condenser Fouling,0.235,0.765,0.0,0.0
0,0,Healthy,Healthy,1.0,0.0,0.0,0.0
0,0,Healthy,Healthy,0.895,0.03,0.035,0.04
1,1,Condenser Fouling,Condenser Fouling,0.005,0.995,0.0,0.0
1,1,Condenser Fouling,Condenser Fouling,0.005,0.995,0.0,0.0
0,0,Healthy,Healthy,0.93,0.0,0.065,0.005
2,2,Refrigerant Leak,Refrigerant Leak,0.465,0.0,0.485,0.05
1,1,Condenser Fouling,Condenser Fouling,0.035,0.96,0.005,0.0
3,3,Excess Oil,Excess Oil,0.015,0.01,0.0,0.975
2,2,Refrigerant Leak,Refrigerant Leak,0.0,0.0,1.0,0.0
1,1,Condenser Fouling,Condenser Fouling,0.025,0.975,0.0,0.0
3,3,Excess Oil,Excess Oil,0.03,0.0,0.015,0.955
2,2,Refrigerant Leak,Refrigerant Leak,0.0,0.0,1.0,0.0
2,2,Refrigerant Leak,Refrigerant Leak,0.17,0.0,0.775,0.055
0,0,Healthy,Healthy,0.97,0.0,0.015,0.015
3,3,Excess Oil,Excess Oil,0.0,0.0,0.0,1.0
1,1,Condenser Fouling,Condenser Fouling,0.065,0.935,0.0,0.0
1,1,Condenser Fouling,Condenser Fouling,0.085,0.915,0.0,0.0
3,3,Excess Oil,Excess Oil,0.07,0.0,0.12,0.81
0,0,Healthy,Healthy,0.555,0.445,0.0,0.0
1,1,Condenser Fouling,Condenser Fouling,0.03,0.965,0.005,0.0
3,3,Excess Oil,Excess Oil,0.32,0.0,0.32,0.36
2,2,Refrigerant Leak,Refrigerant Leak,0.04,0.0,0.955,0.005
3,3,Excess Oil,Excess Oil,0.15,0.005,0.055,0.79
0,0,Healthy,Healthy,0.61,0.0,0.37,0.02
2,2,Refrigerant Leak,Refrigerant Leak,0.02,0.0,0.98,0.0
1,1,Condenser Fouling,Condenser Fouling,0.245,0.755,0.0,0.0
0,0,Healthy,Healthy,0.79,0.195,0.015,0.0
3,3,Excess Oil,Excess Oil,0.0,0.0,0.0,1.0
2,2,Refrigerant Leak,Refrigerant Leak,0.15,0.0,0.845,0.005
1,1,Condenser Fouling,Condenser Fouling,0.0,1.0,0.0,0.0
2,2,Refrigerant Leak,Refrigerant Leak,0.045,0.0,0.86,0.095
1,1,Condenser Fouling,Condenser Fouling,0.13,0.87,0.0,0.0
0,0,Healthy,Healthy,0.905,0.005,0.04,0.05
0,0,Healthy,Healthy,0.92,0.08,0.0,0.0
0,0,Healthy,Healthy,0.975,0.0,0.025,0.0
1,1,Condenser Fouling,Condenser Fouling,0.0,1.0,0.0,0.0
1,1,Condenser Fouling,Condenser Fouling,0.02,0.98,0.0,0.0
0,0,Healthy,Healthy,0.64,0.0,0.325,0.035
3,3,Excess Oil,Excess Oil,0.005,0.0,0.0,0.995
2,2,Refrigerant Leak,Refrigerant Leak,0.0,0.0,1.0,0.0
2,2,Refrigerant Leak,Refrigerant Leak,0.005,0.0,0.99,0.005
1,1,Condenser Fouling,Condenser Fouling,0.0,1.0,0.0,0.0
2,2,Refrigerant Leak,Refrigerant Leak,0.0,0.0,0.995,0.005
3,3,Excess Oil,Excess Oil,0.245,0.0,0.275,0.48
0,0,Healthy,Healthy,0.885,0.005,0.09,0.02
1,1,Condenser Fouling,Condenser Fouling,0.26,0.73,0.01,0.0
2,2,Refrigerant Leak,Refrigerant Leak,0.075,0.0,0.905,0.02
0,0,Healthy,Healthy,0.775,0.225,0.0,0.0
3,3,Excess Oil,Excess Oil,0.025,0.0,0.015,0.96
1,1,Condenser Fouling,Condenser Fouling,0.01,0.99,0.0,0.0
0,0,Healthy,Healthy,0.685,0.315,0.0,0.0
2,2,Refrigerant Leak,Refrigerant Leak,0.01,0.0,0.99,0.0
2,2,Refrigerant Leak,Refrigerant Leak,0.045,0.0,0.95,0.005
0,0,Healthy,Healthy,0.965,0.0,0.03,0.005
2,2,Refrigerant Leak,Refrigerant Leak,0.265,0.0,0.675,0.06
3,3,Excess Oil,Excess Oil,0.005,0.0,0.0,0.995
2,2,Refrigerant Leak,Refrigerant Leak,0.08,0.0,0.92,0.0
3,3,Excess Oil,Excess Oil,0.045,0.01,0.03,0.915
1,1,Condenser Fouling,Condenser Fouling,0.15,0.85,0.0,0.0
2,2,Refrigerant Leak,Refrigerant Leak,0.01,0.0,0.975,0.015
1,1,Condenser Fouling,Condenser Fouling,0.02,0.98,0.0,0.0
3,3,Excess Oil,Excess Oil,0.165,0.0,0.015,0.82
1,1,Condenser Fouling,Condenser Fouling,0.135,0.865,0.0,0.0
3,3,Excess Oil,Excess Oil,0.0,0.005,0.0,0.995
0,2,Healthy,Refrigerant Leak,0.32,0.025,0.52,0.135
1,1,Condenser Fouling,Condenser Fouling,0.025,0.97,0.005,0.0
3,3,Excess Oil,Excess Oil,0.0,0.0,0.0,1.0
2,2,Refrigerant Leak,Refrigerant Leak,0.035,0.0,0.965,0.0
0,0,Healthy,Healthy,0.64,0.355,0.005,0.0
1,1,Condenser Fouling,Condenser Fouling,0.005,0.995,0.0,0.0
1,1,Condenser Fouling,Condenser Fouling,0.305,0.695,0.0,0.0
2,2,Refrigerant Leak,Refrigerant Leak,0.115,0.0,0.835,0.05
3,3,Excess Oil,Excess Oil,0.015,0.0,0.015,0.97
2,2,Refrigerant Leak,Refrigerant Leak,0.0,0.0,1.0,0.0
2,2,Refrigerant Leak,Refrigerant Leak,0.015,0.0,0.985,0.0
0,0,Healthy,Healthy,0.74,0.0,0.085,0.175
2,2,Refrigerant Leak,Refrigerant Leak,0.17,0.0,0.81,0.02
2,2,Refrigerant Leak,Refrigerant Leak,0.04,0.0,0.945,0.015
2,2,Refrigerant Leak,Refrigerant Leak,0.38,0.025,0.515,0.08
2,2,Refrigerant Leak,Refrigerant Leak,0.21,0.005,0.745,0.04
1,1,Condenser Fouling,Condenser Fouling,0.02,0.98,0.0,0.0
3,3,Excess Oil,Excess Oil,0.0,0.0,0.0,1.0
2,2,Refrigerant Leak,Refrigerant Leak,0.31,0.0,0.63,0.06
3,3,Excess Oil,Excess Oil,0.15,0.005,0.075,0.77
1,1,Condenser Fouling,Condenser Fouling,0.015,0.985,0.0,0.0
2,2,Refrigerant Leak,Refrigerant Leak,0.055,0.0,0.94,0.005
2,2,Refrigerant Leak,Refrigerant Leak,0.165,0.0,0.815,0.02
0,0,Healthy,Healthy,0.79,0.21,0.0,0.0
0,0,Healthy,Healthy,0.775,0.005,0.215,0.005
2,2,Refrigerant Leak,Refrigerant Leak,0.29,0.04,0.565,0.105
2,2,Refrigerant Leak,Refrigerant Leak,0.005,0.0,0.995,0.0
2,2,Refrigerant Leak,Refrigerant Leak,0.0,0.0,1.0,0.0
2,2,Refrigerant Leak,Refrigerant Leak,0.085,0.0,0.915,0.0
2,2,Refrigerant Leak,Refrigerant Leak,0.0,0.0,1.0,0.0
3,3,Excess Oil,Excess Oil,0.02,0.0,0.005,0.975
0,0,Healthy,Healthy,0.9,0.1,0.0,0.0
2,0,Refrigerant Leak,Healthy,0.555,0.0,0.375,0.07
1,1,Condenser Fouling,Condenser Fouling,0.04,0.96,0.0,0.0
3,3,Excess Oil,Excess Oil,0.0,0.0,0.0,1.0
2,2,Refrigerant Leak,Refrigerant Leak,0.115,0.0,0.865,0.02
0,0,Healthy,Healthy,0.75,0.005,0.195,0.05
1,1,Condenser Fouling,Condenser Fouling,0.015,0.985,0.0,0.0
1,1,Condenser Fouling,Condenser Fouling,0.005,0.995,0.0,0.0
2,2,Refrigerant Leak,Refrigerant Leak,0.21,0.015,0.63,0.145
0,0,Healthy,Healthy,0.87,0.015,0.1,0.015
0,0,Healthy,Healthy,0.67,0.035,0.18,0.115
2,2,Refrigerant Leak,Refrigerant Leak,0.015,0.0,0.985,0.0
1,1,Condenser Fouling,Condenser Fouling,0.455,0.46,0.075,0.01
2,2,Refrigerant Leak,Refrigerant Leak,0.04,0.0,0.955,0.005
0,0,Healthy,Healthy,0.925,0.055,0.015,0.005
1,1,Condenser Fouling,Condenser Fouling,0.12,0.875,0.0,0.005
1,1,Condenser Fouling,Condenser Fouling,0.0,1.0,0.0,0.0
1,1,Condenser Fouling,Condenser Fouling,0.06,0.94,0.0,0.0
3,3,Excess Oil,Excess Oil,0.005,0.0,0.01,0.985
0,0,Healthy,Healthy,0.55,0.45,0.0,0.0
1,1,Condenser Fouling,Condenser Fouling,0.015,0.985,0.0,0.0
2,2,Refrigerant Leak,Refrigerant Leak,0.005,0.0,0.99,0.005
0,0,Healthy,Healthy,0.925,0.075,0.0,0.0
1,1,Condenser Fouling,Condenser Fouling,0.01,0.99,0.0,0.0
3,3,Excess Oil,Excess Oil,0.07,0.005,0.07,0.855
3,3,Excess Oil,Excess Oil,0.005,0.0,0.0,0.995
2,2,Refrigerant Leak,Refrigerant Leak,0.115,0.0,0.875,0.01
2,2,Refrigerant Leak,Refrigerant Leak,0.01,0.0,0.99,0.0
0,0,Healthy,Healthy,0.945,0.0,0.05,0.005
3,3,Excess Oil,Excess Oil,0.005,0.0,0.005,0.99
2,2,Refrigerant Leak,Refrigerant Leak,0.11,0.0,0.875,0.015
1,1,Condenser Fouling,Condenser Fouling,0.075,0.925,0.0,0.0
1,1,Condenser Fouling,Condenser Fouling,0.05,0.945,0.005,0.0
2,2,Refrigerant Leak,Refrigerant Leak,0.09,0.0,0.875,0.035
0,0,Healthy,Healthy,0.57,0.005,0.325,0.1
0,0,Healthy,Healthy,0.94,0.005,0.05,0.005
2,2,Refrigerant Leak,Refrigerant Leak,0.0,0.0,0.995,0.005
1,1,Condenser Fouling,Condenser Fouling,0.025,0.975,0.0,0.0
1,1,Condenser Fouling,Condenser Fouling,0.145,0.855,0.0,0.0
1,1,Condenser Fouling,Condenser Fouling,0.17,0.83,0.0,0.0
2,2,Refrigerant Leak,Refrigerant Leak,0.03,0.0,0.96,0.01
2,2,Refrigerant Leak,Refrigerant Leak,0.04,0.0,0.95,0.01
1,1,Condenser Fouling,Condenser Fouling,0.01,0.99,0.0,0.0
3,3,Excess Oil,Excess Oil,0.005,0.0,0.0,0.995
1,1,Condenser Fouling,Condenser Fouling,0.04,0.96,0.0,0.0
0,0,Healthy,Healthy,0.88,0.12,0.0,0.0
2,2,Refrigerant Leak,Refrigerant Leak,0.155,0.0,0.77,0.075
3,3,Excess Oil,Excess Oil,0.02,0.0,0.005,0.975
2,2,Refrigerant Leak,Refrigerant Leak,0.04,0.0,0.945,0.015
3,3,Excess Oil,Excess Oil,0.145,0.0,0.04,0.815
1,1,Condenser Fouling,Condenser Fouling,0.06,0.94,0.0,0.0
3,3,Excess Oil,Excess Oil,0.145,0.0,0.195,0.66
1,1,Condenser Fouling,Condenser Fouling,0.015,0.985,0.0,0.0
0,0,Healthy,Healthy,0.835,0.0,0.155,0.01
3,3,Excess Oil,Excess Oil,0.0,0.0,0.0,1.0
1,1,Condenser Fouling,Condenser Fouling,0.14,0.86,0.0,0.0
2,2,Refrigerant Leak,Refrigerant Leak,0.005,0.0,0.98,0.015
3,3,Excess Oil,Excess Oil,0.025,0.005,0.175,0.795
2,2,Refrigerant Leak,Refrigerant Leak,0.015,0.005,0.97,0.01
2,2,Refrigerant Leak,Refrigerant Leak,0.28,0.0,0.655,0.065
0,0,Healthy,Healthy,0.925,0.0,0.075,0.0
2,2,Refrigerant Leak,Refrigerant Leak,0.03,0.0,0.96,0.01
1,1,Condenser Fouling,Condenser Fouling,0.33,0.665,0.005,0.0
0,0,Healthy,Healthy,0.96,0.025,0.015,0.0
3,3,Excess Oil,Excess Oil,0.01,0.0,0.0,0.99
1,1,Condenser Fouling,Condenser Fouling,0.01,0.99,0.0,0.0
2,2,Refrigerant Leak,Refrigerant Leak,0.05,0.005,0.94,0.005
1,1,Condenser Fouling,Condenser Fouling,0.01,0.99,0.0,0.0
1,1,Condenser Fouling,Condenser Fouling,0.065,0.935,0.0,0.0
2,2,Refrigerant Leak,Refrigerant Leak,0.135,0.0,0.855,0.01
3,3,Excess Oil,Excess Oil,0.005,0.0,0.0,0.995
2,2,Refrigerant Leak,Refrigerant Leak,0.0,0.0,1.0,0.0
2,2,Refrigerant Leak,Refrigerant Leak,0.11,0.0,0.84,0.05
1,1,Condenser Fouling,Condenser Fouling,0.145,0.855,0.0,0.0
3,3,Excess Oil,Excess Oil,0.115,0.095,0.11,0.68
1,1,Condenser Fouling,Condenser Fouling,0.035,0.965,0.0,0.0
3,3,Excess Oil,Excess Oil,0.14,0.025,0.1,0.735
1,1,Condenser Fouling,Condenser Fouling,0.02,0.98,0.0,0.0
0,0,Healthy,Healthy,0.74,0.26,0.0,0.0
0,2,Healthy,Refrigerant Leak,0.48,0.0,0.495,0.025
2,2,Refrigerant Leak,Refrigerant Leak,0.0,0.0,1.0,0.0
1,1,Condenser Fouling,Condenser Fouling,0.195,0.805,0.0,0.0
1,1,Condenser Fouling,Condenser Fouling,0.005,0.995,0.0,0.0
3,3,Excess Oil,Excess Oil,0.13,0.0,0.065,0.805
3,3,Excess Oil,Excess Oil,0.125,0.0,0.03,0.845
1,1,Condenser Fouling,Condenser Fouling,0.0,1.0,0.0,0.0
0,0,Healthy,Healthy,0.93,0.0,0.005,0.065
3,3,Excess Oil,Excess Oil,0.0,0.0,0.005,0.995
2,2,Refrigerant Leak,Refrigerant Leak,0.01,0.0,0.985,0.005
1,1,Condenser Fouling,Condenser Fouling,0.04,0.96,0.0,0.0
0,0,Healthy,Healthy,0.77,0.225,0.0,0.005
0,0,Healthy,Healthy,0.805,0.195,0.0,0.0
3,3,Excess Oil,Excess Oil,0.005,0.0,0.005,0.99
1,1,Condenser Fouling,Condenser Fouling,0.015,0.985,0.0,0.0
3,3,Excess Oil,Excess Oil,0.02,0.0,0.0,0.98
0,0,Healthy,Healthy,0.72,0.28,0.0,0.0
2,2,Refrigerant Leak,Refrigerant Leak,0.01,0.0,0.99,0.0
2,2,Refrigerant Leak,Refrigerant Leak,0.05,0.0,0.95,0.0
0,0,Healthy,Healthy,0.68,0.32,0.0,0.0
3,3,Excess Oil,Excess Oil,0.025,0.0,0.01,0.965
2,2,Refrigerant Leak,Refrigerant Leak,0.0,0.0,0.99,0.01
1,1,Condenser Fouling,Condenser Fouling,0.33,0.67,0.0,0.0
1,1,Condenser Fouling,Condenser Fouling,0.135,0.865,0.0,0.0
2,2,Refrigerant Leak,Refrigerant Leak,0.155,0.0,0.825,0.02
2,2,Refrigerant Leak,Refrigerant Leak,0.015,0.0,0.975,0.01
1,1,Condenser Fouling,Condenser Fouling,0.025,0.975,0.0,0.0
2,2,Refrigerant Leak,Refrigerant Leak,0.225,0.0,0.74,0.035
2,2,Refrigerant Leak,Refrigerant Leak,0.01,0.005,0.98,0.005
2,2,Refrigerant Leak,Refrigerant Leak,0.26,0.005,0.645,0.09
0,0,Healthy,Healthy,0.605,0.395,0.0,0.0
2,2,Refrigerant Leak,Refrigerant Leak,0.095,0.005,0.88,0.02
2,2,Refrigerant Leak,Refrigerant Leak,0.05,0.0,0.905,0.045
3,3,Excess Oil,Excess Oil,0.0,0.0,0.0,1.0
3,3,Excess Oil,Excess Oil,0.0,0.0,0.0,1.0
1,1,Condenser Fouling,Condenser Fouling,0.02,0.98,0.0,0.0
2,2,Refrigerant Leak,Refrigerant Leak,0.015,0.0,0.975,0.01
2,2,Refrigerant Leak,Refrigerant Leak,0.255,0.005,0.685,0.055
2,2,Refrigerant Leak,Refrigerant Leak,0.045,0.0,0.945,0.01
3,3,Excess Oil,Excess Oil,0.12,0.0,0.065,0.815
3,3,Excess Oil,Excess Oil,0.005,0.0,0.0,0.995
0,0,Healthy,Healthy,0.965,0.015,0.02,0.0
2,2,Refrigerant Leak,Refrigerant Leak,0.16,0.0,0.805,0.035
3,3,Excess Oil,Excess Oil,0.005,0.0,0.0,0.995
2,2,Refrigerant Leak,Refrigerant Leak,0.18,0.005,0.815,0.0
0,0,Healthy,Healthy,0.815,0.0,0.055,0.13
0,0,Healthy,Healthy,0.535,0.015,0.41,0.04
1,1,Condenser Fouling,Condenser Fouling,0.18,0.82,0.0,0.0
3,3,Excess Oil,Excess Oil,0.0,0.0,0.0,1.0
2,2,Refrigerant Leak,Refrigerant Leak,0.01,0.0,0.99,0.0
3,3,Excess Oil,Excess Oil,0.005,0.0,0.005,0.99
3,3,Excess Oil,Excess Oil,0.02,0.0,0.015,0.965
0,0,Healthy,Healthy,0.88,0.0,0.055,0.065
3,3,Excess Oil,Excess Oil,0.275,0.0,0.34,0.385
1,1,Condenser Fouling,Condenser Fouling,0.005,0.995,0.0,0.0
1,1,Condenser Fouling,Condenser Fouling,0.015,0.985,0.0,0.0
3,3,Excess Oil,Excess Oil,0.005,0.0,0.0,0.995
1,1,Condenser Fouling,Condenser Fouling,0.01,0.99,0.0,0.0
0,0,Healthy,Healthy,0.79,0.005,0.1,0.105
2,2,Refrigerant Leak,Refrigerant Leak,0.005,0.0,0.975,0.02
0,0,Healthy,Healthy,0.695,0.3,0.005,0.0
2,2,Refrigerant Leak,Refrigerant Leak,0.055,0.005,0.935,0.005
2,2,Refrigerant Leak,Refrigerant Leak,0.335,0.005,0.61,0.05
0,0,Healthy,Healthy,0.615,0.385,0.0,0.0
2,2,Refrigerant Leak,Refrigerant Leak,0.12,0.0,0.875,0.005
2,2,Refrigerant Leak,Refrigerant Leak,0.06,0.0,0.93,0.01
3,3,Excess Oil,Excess Oil,0.0,0.0,0.0,1.0
0,0,Healthy,Healthy,0.78,0.22,0.0,0.0
3,3,Excess Oil,Excess Oil,0.005,0.0,0.015,0.98
1,1,Condenser Fouling,Condenser Fouling,0.005,0.995,0.0,0.0
3,3,Excess Oil,Excess Oil,0.02,0.0,0.01,0.97
0,0,Healthy,Healthy,0.985,0.005,0.01,0.0
3,3,Excess Oil,Excess Oil,0.135,0.0,0.02,0.845
0,0,Healthy,Healthy,0.815,0.0,0.14,0.045
1,1,Condenser Fouling,Condenser Fouling,0.18,0.815,0.005,0.0
1,1,Condenser Fouling,Condenser Fouling,0.035,0.96,0.0,0.005
0,0,Healthy,Healthy,0.93,0.02,0.045,0.005
0,0,Healthy,Healthy,0.55,0.015,0.3,0.135
2,2,Refrigerant Leak,Refrigerant Leak,0.19,0.01,0.795,0.005
1,1,Condenser Fouling,Condenser Fouling,0.02,0.98,0.0,0.0
1,1,Condenser Fouling,Condenser Fouling,0.025,0.975,0.0,0.0
1,1,Condenser Fouling,Condenser Fouling,0.065,0.935,0.0,0.0
3,3,Excess Oil,Excess Oil,0.005,0.0,0.005,0.99
1,1,Condenser Fouling,Condenser Fouling,0.06,0.94,0.0,0.0
2,2,Refrigerant Leak,Refrigerant Leak,0.12,0.005,0.85,0.025
3,3,Excess Oil,Excess Oil,0.015,0.0,0.0,0.985
1,1,Condenser Fouling,Condenser Fouling,0.085,0.915,0.0,0.0
2,2,Refrigerant Leak,Refrigerant Leak,0.26,0.0,0.69,0.05
1,1,Condenser Fouling,Condenser Fouling,0.005,0.995,0.0,0.0
3,3,Excess Oil,Excess Oil,0.095,0.015,0.03,0.86
2,2,Refrigerant Leak,Refrigerant Leak,0.085,0.0,0.885,0.03
0,0,Healthy,Healthy,0.73,0.0,0.16,0.11
3,3,Excess Oil,Excess Oil,0.0,0.0,0.0,1.0
2,2,Refrigerant Leak,Refrigerant Leak,0.015,0.0,0.98,0.005
0,0,Healthy,Healthy,0.74,0.015,0.2,0.045
0,0,Healthy,Healthy,0.97,0.01,0.005,0.015
2,2,Refrigerant Leak,Refrigerant Leak,0.015,0.0,0.98,0.005
1,1,Condenser Fouling,Condenser Fouling,0.03,0.97,0.0,0.0
2,2,Refrigerant Leak,Refrigerant Leak,0.0,0.0,0.995,0.005
1,1,Condenser Fouling,Condenser Fouling,0.16,0.84,0.0,0.0
3,3,Excess Oil,Excess Oil,0.01,0.0,0.02,0.97
2,2,Refrigerant Leak,Refrigerant Leak,0.165,0.005,0.825,0.005
1,1,Condenser Fouling,Condenser Fouling,0.085,0.915,0.0,0.0
1,1,Condenser Fouling,Condenser Fouling,0.075,0.925,0.0,0.0
3,3,Excess Oil,Excess Oil,0.0,0.0,0.0,1.0
2,2,Refrigerant Leak,Refrigerant Leak,0.395,0.0,0.55,0.055
3,3,Excess Oil,Excess Oil,0.15,0.0,0.01,0.84
0,0,Healthy,Healthy,0.91,0.0,0.035,0.055
1,1,Condenser Fouling,Condenser Fouling,0.02,0.98,0.0,0.0
0,2,Healthy,Refrigerant Leak,0.355,0.0,0.625,0.02
3,3,Excess Oil,Excess Oil,0.005,0.0,0.0,0.995
1,1,Condenser Fouling,Condenser Fouling,0.02,0.98,0.0,0.0
0,0,Healthy,Healthy,0.655,0.0,0.305,0.04
2,2,Refrigerant Leak,Refrigerant Leak,0.005,0.0,0.995,0.0
2,2,Refrigerant Leak,Refrigerant Leak,0.105,0.0,0.89,0.005
2,2,Refrigerant Leak,Refrigerant Leak,0.27,0.0,0.73,0.0
0,0,Healthy,Healthy,0.845,0.155,0.0,0.0
0,0,Healthy,Healthy,0.79,0.0,0.18,0.03
2,2,Refrigerant Leak,Refrigerant Leak,0.115,0.01,0.835,0.04
0,0,Healthy,Healthy,0.84,0.155,0.0,0.005
1,1,Condenser Fouling,Condenser Fouling,0.04,0.96,0.0,0.0
0,0,Healthy,Healthy,0.84,0.0,0.085,0.075
2,2,Refrigerant Leak,Refrigerant Leak,0.005,0.0,0.995,0.0
2,2,Refrigerant Leak,Refrigerant Leak,0.005,0.0,0.995,0.0
3,3,Excess Oil,Excess Oil,0.0,0.0,0.005,0.995
3,3,Excess Oil,Excess Oil,0.0,0.0,0.02,0.98
0,0,Healthy,Healthy,0.755,0.245,0.0,0.0
3,3,Excess Oil,Excess Oil,0.0,0.0,0.0,1.0
1,1,Condenser Fouling,Condenser Fouling,0.335,0.665,0.0,0.0
3,3,Excess Oil,Excess Oil,0.0,0.0,0.0,1.0
0,0,Healthy,Healthy,0.655,0.0,0.295,0.05
0,0,Healthy,Healthy,0.82,0.0,0.06,0.12
1,1,Condenser Fouling,Condenser Fouling,0.24,0.76,0.0,0.0
2,2,Refrigerant Leak,Refrigerant Leak,0.0,0.0,1.0,0.0
3,3,Excess Oil,Excess Oil,0.005,0.0,0.02,0.975
2,2,Refrigerant Leak,Refrigerant Leak,0.005,0.0,0.995,0.0
3,3,Excess Oil,Excess Oil,0.0,0.0,0.005,0.995
3,3,Excess Oil,Excess Oil,0.165,0.025,0.08,0.73
1,1,Condenser Fouling,Condenser Fouling,0.17,0.83,0.0,0.0
0,0,Healthy,Healthy,0.865,0.0,0.13,0.005
1,1,Condenser Fouling,Condenser Fouling,0.12,0.88,0.0,0.0
2,2,Refrigerant Leak,Refrigerant Leak,0.2,0.0,0.565,0.235
2,2,Refrigerant Leak,Refrigerant Leak,0.0,0.0,1.0,0.0
1,1,Condenser Fouling,Condenser Fouling,0.155,0.845,0.0,0.0
3,3,Excess Oil,Excess Oil,0.0,0.0,0.0,1.0
3,3,Excess Oil,Excess Oil,0.0,0.0,0.0,1.0
2,2,Refrigerant Leak,Refrigerant Leak,0.0,0.0,0.99,0.01
3,3,Excess Oil,Excess Oil,0.16,0.0,0.045,0.795
3,3,Excess Oil,Excess Oil,0.0,0.005,0.005,0.99
0,0,Healthy,Healthy,0.89,0.11,0.0,0.0
0,0,Healthy,Healthy,0.9,0.0,0.09,0.01
3,3,Excess Oil,Excess Oil,0.01,0.0,0.005,0.985
2,2,Refrigerant Leak,Refrigerant Leak,0.035,0.0,0.96,0.005
2,2,Refrigerant Leak,Refrigerant Leak,0.045,0.0,0.92,0.035
1,1,Condenser Fouling,Condenser Fouling,0.005,0.995,0.0,0.0
2,2,Refrigerant Leak,Refrigerant Leak,0.13,0.08,0.55,0.24
2,2,Refrigerant Leak,Refrigerant Leak,0.055,0.0,0.945,0.0
0,0,Healthy,Healthy,0.905,0.005,0.055,0.035
3,3,Excess Oil,Excess Oil,0.01,0.0,0.0,0.99
2,2,Refrigerant Leak,Refrigerant Leak,0.125,0.0,0.87,0.005
1,1,Condenser Fouling,Condenser Fouling,0.025,0.975,0.0,0.0
3,3,Excess Oil,Excess Oil,0.0,0.0,0.0,1.0
1,1,Condenser Fouling,Condenser Fouling,0.015,0.985,0.0,0.0
2,2,Refrigerant Leak,Refrigerant Leak,0.005,0.0,0.995,0.0
1,1,Condenser Fouling,Condenser Fouling,0.035,0.96,0.005,0.0
1,1,Condenser Fouling,Condenser Fouling,0.255,0.74,0.005,0.0
2,2,Refrigerant Leak,Refrigerant Leak,0.065,0.0,0.925,0.01
3,3,Excess Oil,Excess Oil,0.005,0.0,0.005,0.99
0,0,Healthy,Healthy,0.835,0.155,0.01,0.0
3,3,Excess Oil,Excess Oil,0.005,0.0,0.005,0.99
2,2,Refrigerant Leak,Refrigerant Leak,0.025,0.0,0.96,0.015
3,3,Excess Oil,Excess Oil,0.005,0.0,0.0,0.995
2,2,Refrigerant Leak,Refrigerant Leak,0.18,0.0,0.785,0.035
1,1,Condenser Fouling,Condenser Fouling,0.0,1.0,0.0,0.0
2,2,Refrigerant Leak,Refrigerant Leak,0.09,0.0,0.905,0.005
3,3,Excess Oil,Excess Oil,0.005,0.0,0.0,0.995
2,2,Refrigerant Leak,Refrigerant Leak,0.06,0.0,0.915,0.025
1,1,Condenser Fouling,Condenser Fouling,0.04,0.96,0.0,0.0
0,0,Healthy,Healthy,0.83,0.005,0.15,0.015
3,3,Excess Oil,Excess Oil,0.185,0.0,0.04,0.775
0,0,Healthy,Healthy,0.81,0.19,0.0,0.0
1,1,Condenser Fouling,Condenser Fouling,0.15,0.85,0.0,0.0
2,2,Refrigerant Leak,Refrigerant Leak,0.105,0.0,0.875,0.02
1,1,Condenser Fouling,Condenser Fouling,0.055,0.945,0.0,0.0
3,0,Excess Oil,Healthy,0.515,0.02,0.205,0.26
3,3,Excess Oil,Excess Oil,0.02,0.0,0.025,0.955
3,3,Excess Oil,Excess Oil,0.15,0.0,0.02,0.83
1,1,Condenser Fouling,Condenser Fouling,0.005,0.995,0.0,0.0
1,1,Condenser Fouling,Condenser Fouling,0.025,0.975,0.0,0.0
3,3,Excess Oil,Excess Oil,0.005,0.0,0.0,0.995
2,2,Refrigerant Leak,Refrigerant Leak,0.165,0.05,0.705,0.08
2,2,Refrigerant Leak,Refrigerant Leak,0.1,0.0,0.88,0.02
2,2,Refrigerant Leak,Refrigerant Leak,0.025,0.0,0.955,0.02
2,2,Refrigerant Leak,Refrigerant Leak,0.01,0.0,0.99,0.0
0,0,Healthy,Healthy,0.715,0.005,0.175,0.105
0,0,Healthy,Healthy,0.61,0.0,0.345,0.045
1,1,Condenser Fouling,Condenser Fouling,0.17,0.825,0.0,0.005
0,0,Healthy,Healthy,0.89,0.105,0.005,0.0
0,0,Healthy,Healthy,0.795,0.205,0.0,0.0
1,1,Condenser Fouling,Condenser Fouling,0.0,1.0,0.0,0.0
0,0,Healthy,Healthy,0.81,0.005,0.03,0.155
3,3,Excess Oil,Excess Oil,0.0,0.0,0.0,1.0
2,2,Refrigerant Leak,Refrigerant Leak,0.0,0.0,1.0,0.0
0,0,Healthy,Healthy,0.695,0.305,0.0,0.0
0,0,Healthy,Healthy,0.83,0.17,0.0,0.0
3,3,Excess Oil,Excess Oil,0.015,0.005,0.005,0.975
3,3,Excess Oil,Excess Oil,0.01,0.0,0.005,0.985
1,1,Condenser Fouling,Condenser Fouling,0.025,0.975,0.0,0.0
3,3,Excess Oil,Excess Oil,0.005,0.0,0.005,0.99
2,2,Refrigerant Leak,Refrigerant Leak,0.25,0.0,0.65,0.1
2,2,Refrigerant Leak,Refrigerant Leak,0.085,0.005,0.89,0.02
1,1,Condenser Fouling,Condenser Fouling,0.025,0.975,0.0,0.0
0,2,Healthy,Refrigerant Leak,0.33,0.0,0.66,0.01
1,1,Condenser Fouling,Condenser Fouling,0.04,0.96,0.0,0.0
1,1,Condenser Fouling,Condenser Fouling,0.04,0.725,0.11,0.125
2,2,Refrigerant Leak,Refrigerant Leak,0.05,0.0,0.94,0.01
0,0,Healthy,Healthy,0.975,0.0,0.025,0.0
1,1,Condenser Fouling,Condenser Fouling,0.235,0.745,0.02,0.0
2,2,Refrigerant Leak,Refrigerant Leak,0.065,0.0,0.91,0.025
2,2,Refrigerant Leak,Refrigerant Leak,0.17,0.005,0.78,0.045
3,3,Excess Oil,Excess Oil,0.0,0.0,0.005,0.995
2,2,Refrigerant Leak,Refrigerant Leak,0.0,0.0,1.0,0.0
3,3,Excess Oil,Excess Oil,0.03,0.0,0.01,0.96
3,3,Excess Oil,Excess Oil,0.045,0.0,0.045,0.91
2,2,Refrigerant Leak,Refrigerant Leak,0.08,0.0,0.895,0.025
0,0,Healthy,Healthy,0.945,0.0,0.055,0.0
1,1,Condenser Fouling,Condenser Fouling,0.055,0.945,0.0,0.0
0,0,Healthy,Healthy,0.93,0.0,0.06,0.01
1,1,Condenser Fouling,Condenser Fouling,0.02,0.98,0.0,0.0
3,3,Excess Oil,Excess Oil,0.005,0.0,0.0,0.995
0,0,Healthy,Healthy,0.92,0.0,0.03,0.05
2,2,Refrigerant Leak,Refrigerant Leak,0.08,0.0,0.905,0.015
0,0,Healthy,Healthy,0.85,0.0,0.045,0.105
3,3,Excess Oil,Excess Oil,0.0,0.0,0.0,1.0
1,1,Condenser Fouling,Condenser Fouling,0.07,0.93,0.0,0.0
3,3,Excess Oil,Excess Oil,0.0,0.0,0.0,1.0
0,0,Healthy,Healthy,0.66,0.34,0.0,0.0
1,1,Condenser Fouling,Condenser Fouling,0.235,0.755,0.01,0.0
3,3,Excess Oil,Excess Oil,0.155,0.0,0.12,0.725
2,2,Refrigerant Leak,Refrigerant Leak,0.06,0.0,0.9,0.04
3,3,Excess Oil,Excess Oil,0.005,0.0,0.005,0.99
0,0,Healthy,Healthy,0.965,0.0,0.015,0.02
2,2,Refrigerant Leak,Refrigerant Leak,0.03,0.0,0.96,0.01
3,3,Excess Oil,Excess Oil,0.005,0.0,0.005,0.99
0,0,Healthy,Healthy,0.865,0.01,0.01,0.115
1,1,Condenser Fouling,Condenser Fouling,0.115,0.885,0.0,0.0
2,2,Refrigerant Leak,Refrigerant Leak,0.265,0.025,0.65,0.06
0,0,Healthy,Healthy,0.945,0.0,0.015,0.04
3,3,Excess Oil,Excess Oil,0.08,0.0,0.04,0.88
3,3,Excess Oil,Excess Oil,0.005,0.0,0.0,0.995
2,2,Refrigerant Leak,Refrigerant Leak,0.375,0.0,0.59,0.035
3,3,Excess Oil,Excess Oil,0.24,0.005,0.04,0.715
2,2,Refrigerant Leak,Refrigerant Leak,0.05,0.0,0.945,0.005
1,1,Condenser Fouling,Condenser Fouling,0.08,0.92,0.0,0.0
1,1,Condenser Fouling,Condenser Fouling,0.04,0.96,0.0,0.0
3,3,Excess Oil,Excess Oil,0.0,0.0,0.005,0.995
0,0,Healthy,Healthy,0.935,0.0,0.065,0.0
0,0,Healthy,Healthy,0.69,0.31,0.0,0.0
1,1,Condenser Fouling,Condenser Fouling,0.14,0.86,0.0,0.0
3,3,Excess Oil,Excess Oil,0.0,0.0,0.0,1.0
2,2,Refrigerant Leak,Refrigerant Leak,0.1,0.01,0.815,0.075
2,2,Refrigerant Leak,Refrigerant Leak,0.03,0.0,0.955,0.015
3,3,Excess Oil,Excess Oil,0.0,0.0,0.01,0.99
3,3,Excess Oil,Excess Oil,0.055,0.0,0.01,0.935
2,2,Refrigerant Leak,Refrigerant Leak,0.12,0.0,0.84,0.04
0,0,Healthy,Healthy,0.65,0.0,0.295,0.055
1,1,Condenser Fouling,Condenser Fouling,0.01,0.99,0.0,0.0
3,3,Excess Oil,Excess Oil,0.0,0.0,0.0,1.0
1,1,Condenser Fouling,Condenser Fouling,0.075,0.925,0.0,0.0
0,0,Healthy,Healthy,0.795,0.005,0.06,0.14
2,2,Refrigerant Leak,Refrigerant Leak,0.06,0.0,0.94,0.0
3,3,Excess Oil,Excess Oil,0.0,0.0,0.0,1.0
0,0,Healthy,Healthy,0.945,0.0,0.035,0.02
3,3,Excess Oil,Excess Oil,0.01,0.0,0.0,0.99
3,3,Excess Oil,Excess Oil,0.0,0.0,0.0,1.0
1,1,Condenser Fouling,Condenser Fouling,0.11,0.89,0.0,0.0
3,3,Excess Oil,Excess Oil,0.0,0.0,0.0,1.0
2,2,Refrigerant Leak,Refrigerant Leak,0.105,0.0,0.875,0.02
1,1,Condenser Fouling,Condenser Fouling,0.255,0.735,0.0,0.01
0,0,Healthy,Healthy,0.835,0.005,0.125,0.035
3,3,Excess Oil,Excess Oil,0.0,0.0,0.0,1.0
0,0,Healthy,Healthy,0.75,0.0,0.11,0.14
1,1,Condenser Fouling,Condenser Fouling,0.235,0.76,0.005,0.0
0,0,Healthy,Healthy,0.885,0.045,0.05,0.02
0,0,Healthy,Healthy,0.645,0.355,0.0,0.0
1,1,Condenser Fouling,Condenser Fouling,0.065,0.935,0.0,0.0
3,3,Excess Oil,Excess Oil,0.02,0.0,0.0,0.98
2,2,Refrigerant Leak,Refrigerant Leak,0.035,0.0,0.965,0.0
3,3,Excess Oil,Excess Oil,0.0,0.005,0.005,0.99
2,2,Refrigerant Leak,Refrigerant Leak,0.03,0.0,0.955,0.015
3,3,Excess Oil,Excess Oil,0.0,0.0,0.0,1.0
2,2,Refrigerant Leak,Refrigerant Leak,0.025,0.0,0.975,0.0
0,0,Healthy,Healthy,0.905,0.095,0.0,0.0
0,0,Healthy,Healthy,0.755,0.0,0.18,0.065
3,3,Excess Oil,Excess Oil,0.01,0.0,0.03,0.96
3,3,Excess Oil,Excess Oil,0.0,0.0,0.0,1.0
3,3,Excess Oil,Excess Oil,0.035,0.0,0.025,0.94
0,0,Healthy,Healthy,0.78,0.01,0.12,0.09
1,1,Condenser Fouling,Condenser Fouling,0.16,0.83,0.005,0.005
0,0,Healthy,Healthy,0.93,0.0,0.025,0.045
1,1,Condenser Fouling,Condenser Fouling,0.005,0.995,0.0,0.0
3,3,Excess Oil,Excess Oil,0.0,0.0,0.0,1.0
1,1,Condenser Fouling,Condenser Fouling,0.0,1.0,0.0,0.0
3,3,Excess Oil,Excess Oil,0.015,0.0,0.015,0.97
1,1,Condenser Fouling,Condenser Fouling,0.015,0.985,0.0,0.0
3,3,Excess Oil,Excess Oil,0.0,0.0,0.0,1.0
0,0,Healthy,Healthy,0.785,0.215,0.0,0.0
2,2,Refrigerant Leak,Refrigerant Leak,0.01,0.0,0.98,0.01
2,2,Refrigerant Leak,Refrigerant Leak,0.11,0.0,0.87,0.02
0,2,Healthy,Refrigerant Leak,0.355,0.005,0.57,0.07
0,0,Healthy,Healthy,0.965,0.0,0.015,0.02
3,3,Excess Oil,Excess Oil,0.0,0.0,0.0,1.0
2,2,Refrigerant Leak,Refrigerant Leak,0.015,0.0,0.975,0.01
1,1,Condenser Fouling,Condenser Fouling,0.07,0.93,0.0,0.0
2,2,Refrigerant Leak,Refrigerant Leak,0.005,0.0,0.995,0.0
0,0,Healthy,Healthy,0.565,0.435,0.0,0.0
3,3,Excess Oil,Excess Oil,0.0,0.0,0.0,1.0
0,0,Healthy,Healthy,0.865,0.135,0.0,0.0
0,0,Healthy,Healthy,0.61,0.385,0.005,0.0
1,1,Condenser Fouling,Condenser Fouling,0.065,0.93,0.0,0.005
0,0,Healthy,Healthy,0.875,0.0,0.055,0.07
3,3,Excess Oil,Excess Oil,0.02,0.0,0.015,0.965
0,0,Healthy,Healthy,0.635,0.0,0.34,0.025
2,2,Refrigerant Leak,Refrigerant Leak,0.055,0.0,0.925,0.02
3,3,Excess Oil,Excess Oil,0.135,0.005,0.09,0.77
2,2,Refrigerant Leak,Refrigerant Leak,0.0,0.0,0.995,0.005
0,0,Healthy,Healthy,0.885,0.11,0.005,0.0
1,1,Condenser Fouling,Condenser Fouling,0.035,0.965,0.0,0.0
2,2,Refrigerant Leak,Refrigerant Leak,0.05,0.0,0.79,0.16
3,3,Excess Oil,Excess Oil,0.0,0.0,0.0,1.0
3,3,Excess Oil,Excess Oil,0.005,0.0,0.0,0.995
1,1,Condenser Fouling,Condenser Fouling,0.0,1.0,0.0,0.0
0,0,Healthy,Healthy,0.66,0.12,0.11,0.11
2,2,Refrigerant Leak,Refrigerant Leak,0.12,0.0,0.86,0.02
1,1,Condenser Fouling,Condenser Fouling,0.015,0.985,0.0,0.0
0,0,Healthy,Healthy,0.96,0.0,0.005,0.035
2,2,Refrigerant Leak,Refrigerant Leak,0.02,0.0,0.97,0.01
0,0,Healthy,Healthy,0.49,0.0,0.405,0.105
0,0,Healthy,Healthy,0.495,0.005,0.365,0.135
1,1,Condenser Fouling,Condenser Fouling,0.085,0.915,0.0,0.0
2,2,Refrigerant Leak,Refrigerant Leak,0.18,0.0,0.77,0.05
1,1,Condenser Fouling,Condenser Fouling,0.01,0.99,0.0,0.0
2,2,Refrigerant Leak,Refrigerant Leak,0.02,0.0,0.98,0.0
1,1,Condenser Fouling,Condenser Fouling,0.135,0.865,0.0,0.0
1,1,Condenser Fouling,Condenser Fouling,0.025,0.975,0.0,0.0
2,2,Refrigerant Leak,Refrigerant Leak,0.025,0.0,0.975,0.0
2,2,Refrigerant Leak,Refrigerant Leak,0.015,0.0,0.98,0.005
1,1,Condenser Fouling,Condenser Fouling,0.23,0.77,0.0,0.0
1,1,Condenser Fouling,Condenser Fouling,0.065,0.935,0.0,0.0
1,1,Condenser Fouling,Condenser Fouling,0.02,0.98,0.0,0.0
2,2,Refrigerant Leak,Refrigerant Leak,0.025,0.0,0.955,0.02
1,1,Condenser Fouling,Condenser Fouling,0.005,0.995,0.0,0.0
3,3,Excess Oil,Excess Oil,0.01,0.0,0.0,0.99
1,1,Condenser Fouling,Condenser Fouling,0.025,0.975,0.0,0.0
3,3,Excess Oil,Excess Oil,0.005,0.0,0.0,0.995
3,3,Excess Oil,Excess Oil,0.0,0.0,0.0,1.0
2,2,Refrigerant Leak,Refrigerant Leak,0.045,0.0,0.945,0.01
0,0,Healthy,Healthy,0.85,0.0,0.07,0.08
1,1,Condenser Fouling,Condenser Fouling,0.01,0.99,0.0,0.0
3,3,Excess Oil,Excess Oil,0.01,0.0,0.005,0.985
1,1,Condenser Fouling,Condenser Fouling,0.245,0.755,0.0,0.0
0,0,Healthy,Healthy,0.88,0.0,0.06,0.06
0,0,Healthy,Healthy,0.665,0.0,0.165,0.17
1,1,Condenser Fouling,Condenser Fouling,0.005,0.995,0.0,0.0
3,3,Excess Oil,Excess Oil,0.01,0.0,0.0,0.99
2,2,Refrigerant Leak,Refrigerant Leak,0.025,0.0,0.97,0.005
0,0,Healthy,Healthy,0.73,0.27,0.0,0.0
0,0,Healthy,Healthy,0.65,0.0,0.33,0.02
1,1,Condenser Fouling,Condenser Fouling,0.005,0.995,0.0,0.0
2,2,Refrigerant Leak,Refrigerant Leak,0.0,0.0,1.0,0.0
2,2,Refrigerant Leak,Refrigerant Leak,0.005,0.0,0.995,0.0
2,2,Refrigerant Leak,Refrigerant Leak,0.13,0.01,0.835,0.025
0,0,Healthy,Healthy,0.9,0.035,0.04,0.025
1,1,Condenser Fouling,Condenser Fouling,0.03,0.97,0.0,0.0
2,2,Refrigerant Leak,Refrigerant Leak,0.01,0.0,0.86,0.13
0,2,Healthy,Refrigerant Leak,0.395,0.005,0.455,0.145
1,1,Condenser Fouling,Condenser Fouling,0.04,0.96,0.0,0.0
2,2,Refrigerant Leak,Refrigerant Leak,0.17,0.0,0.795,0.035
2,2,Refrigerant Leak,Refrigerant Leak,0.005,0.0,0.995,0.0
3,3,Excess Oil,Excess Oil,0.005,0.0,0.0,0.995
2,2,Refrigerant Leak,Refrigerant Leak,0.21,0.0,0.705,0.085
1,1,Condenser Fouling,Condenser Fouling,0.05,0.95,0.0,0.0
1,1,Condenser Fouling,Condenser Fouling,0.09,0.905,0.005,0.0
0,0,Healthy,Healthy,0.95,0.045,0.005,0.0
3,3,Excess Oil,Excess Oil,0.0,0.0,0.005,0.995
1,1,Condenser Fouling,Condenser Fouling,0.095,0.905,0.0,0.0
2,2,Refrigerant Leak,Refrigerant Leak,0.055,0.0,0.945,0.0
2,2,Refrigerant Leak,Refrigerant Leak,0.01,0.0,0.98,0.01
1,1,Condenser Fouling,Condenser Fouling,0.03,0.97,0.0,0.0
3,3,Excess Oil,Excess Oil,0.035,0.0,0.005,0.96
0,0,Healthy,Healthy,0.795,0.0,0.11,0.095
3,3,Excess Oil,Excess Oil,0.09,0.0,0.03,0.88
3,3,Excess Oil,Excess Oil,0.0,0.0,0.0,1.0
1,1,Condenser Fouling,Condenser Fouling,0.015,0.985,0.0,0.0
3,3,Excess Oil,Excess Oil,0.0,0.0,0.0,1.0
1,1,Condenser Fouling,Condenser Fouling,0.175,0.82,0.005,0.0
1,1,Condenser Fouling,Condenser Fouling,0.065,0.935,0.0,0.0
3,3,Excess Oil,Excess Oil,0.015,0.0,0.0,0.985
0,0,Healthy,Healthy,0.76,0.0,0.19,0.05
1,1,Condenser Fouling,Condenser Fouling,0.115,0.885,0.0,0.0
0,0,Healthy,Healthy,0.865,0.0,0.04,0.095
0,3,Healthy,Excess Oil,0.32,0.025,0.23,0.425
1,1,Condenser Fouling,Condenser Fouling,0.11,0.89,0.0,0.0
0,0,Healthy,Healthy,0.75,0.0,0.23,0.02
0,0,Healthy,Healthy,0.855,0.145,0.0,0.0
3,3,Excess Oil,Excess Oil,0.0,0.0,0.0,1.0
2,2,Refrigerant Leak,Refrigerant Leak,0.095,0.0,0.905,0.0
0,0,Healthy,Healthy,0.77,0.0,0.155,0.075
2,2,Refrigerant Leak,Refrigerant Leak,0.005,0.0,0.99,0.005
3,3,Excess Oil,Excess Oil,0.0,0.0,0.0,1.0
2,0,Refrigerant Leak,Healthy,0.585,0.06,0.295,0.06
2,2,Refrigerant Leak,Refrigerant Leak,0.025,0.0,0.975,0.0
3,3,Excess Oil,Excess Oil,0.0,0.0,0.0,1.0
2,2,Refrigerant Leak,Refrigerant Leak,0.005,0.0,0.995,0.0
3,3,Excess Oil,Excess Oil,0.0,0.0,0.0,1.0
3,3,Excess Oil,Excess Oil,0.03,0.0,0.0,0.97
3,3,Excess Oil,Excess Oil,0.0,0.0,0.0,1.0
3,3,Excess Oil,Excess Oil,0.185,0.0,0.065,0.75
0,0,Healthy,Healthy,0.96,0.04,0.0,0.0
2,2,Refrigerant Leak,Refrigerant Leak,0.05,0.0,0.925,0.025
3,3,Excess Oil,Excess Oil,0.0,0.0,0.0,1.0
1,1,Condenser Fouling,Condenser Fouling,0.06,0.94,0.0,0.0
0,0,Healthy,Healthy,0.845,0.0,0.135,0.02
1,1,Condenser Fouling,Condenser Fouling,0.02,0.975,0.005,0.0
2,2,Refrigerant Leak,Refrigerant Leak,0.245,0.0,0.72,0.035
3,3,Excess Oil,Excess Oil,0.09,0.0,0.03,0.88
0,0,Healthy,Healthy,0.85,0.0,0.08,0.07
2,2,Refrigerant Leak,Refrigerant Leak,0.0,0.0,1.0,0.0
3,3,Excess Oil,Excess Oil,0.06,0.0,0.055,0.885
1,1,Condenser Fouling,Condenser Fouling,0.0,1.0,0.0,0.0
2,2,Refrigerant Leak,Refrigerant Leak,0.19,0.005,0.755,0.05
1,1,Condenser Fouling,Condenser Fouling,0.13,0.865,0.005,0.0
1,1,Condenser Fouling,Condenser Fouling,0.05,0.95,0.0,0.0
0,0,Healthy,Healthy,0.525,0.005,0.255,0.215
3,3,Excess Oil,Excess Oil,0.0,0.0,0.0,1.0
2,2,Refrigerant Leak,Refrigerant Leak,0.085,0.005,0.88,0.03
0,0,Healthy,Healthy,0.84,0.16,0.0,0.0
3,3,Excess Oil,Excess Oil,0.025,0.0,0.035,0.94
1,1,Condenser Fouling,Condenser Fouling,0.03,0.97,0.0,0.0
3,3,Excess Oil,Excess Oil,0.01,0.0,0.005,0.985
3,3,Excess Oil,Excess Oil,0.01,0.0,0.015,0.975
3,3,Excess Oil,Excess Oil,0.08,0.005,0.055,0.86
0,0,Healthy,Healthy,0.66,0.335,0.0,0.005
3,3,Excess Oil,Excess Oil,0.0,0.0,0.0,1.0
2,2,Refrigerant Leak,Refrigerant Leak,0.095,0.0,0.85,0.055
1,1,Condenser Fouling,Condenser Fouling,0.185,0.815,0.0,0.0
2,2,Refrigerant Leak,Refrigerant Leak,0.005,0.0,0.995,0.0
1,1,Condenser Fouling,Condenser Fouling,0.01,0.99,0.0,0.0
1,1,Condenser Fouling,Condenser Fouling,0.225,0.775,0.0,0.0
0,0,Healthy,Healthy,0.55,0.0,0.325,0.125
3,3,Excess Oil,Excess Oil,0.16,0.0,0.025,0.815
2,2,Refrigerant Leak,Refrigerant Leak,0.065,0.0,0.91,0.025
1,1,Condenser Fouling,Condenser Fouling,0.22,0.495,0.2,0.085
1,1,Condenser Fouling,Condenser Fouling,0.055,0.94,0.005,0.0
1,1,Condenser Fouling,Condenser Fouling,0.005,0.995,0.0,0.0
0,0,Healthy,Healthy,0.875,0.125,0.0,0.0
0,0,Healthy,Healthy,0.955,0.005,0.02,0.02
2,2,Refrigerant Leak,Refrigerant Leak,0.015,0.0,0.985,0.0
0,2,Healthy,Refrigerant Leak,0.36,0.005,0.615,0.02
3,3,Excess Oil,Excess Oil,0.02,0.0,0.025,0.955
0,0,Healthy,Healthy,0.71,0.0,0.215,0.075
1,1,Condenser Fouling,Condenser Fouling,0.08,0.92,0.0,0.0
2,2,Refrigerant Leak,Refrigerant Leak,0.055,0.0,0.935,0.01
2,2,Refrigerant Leak,Refrigerant Leak,0.06,0.0,0.935,0.005
1,1,Condenser Fouling,Condenser Fouling,0.045,0.955,0.0,0.0
1,1,Condenser Fouling,Condenser Fouling,0.125,0.875,0.0,0.0
2,2,Refrigerant Leak,Refrigerant Leak,0.17,0.01,0.745,0.075
2,2,Refrigerant Leak,Refrigerant Leak,0.005,0.0,0.99,0.005
2,2,Refrigerant Leak,Refrigerant Leak,0.205,0.0,0.735,0.06
2,2,Refrigerant Leak,Refrigerant Leak,0.0,0.0,0.995,0.005
1,1,Condenser Fouling,Condenser Fouling,0.005,0.995,0.0,0.0
1,1,Condenser Fouling,Condenser Fouling,0.015,0.985,0.0,0.0
1,1,Condenser Fouling,Condenser Fouling,0.06,0.94,0.0,0.0
1,1,Condenser Fouling,Condenser Fouling,0.41,0.57,0.005,0.015
0,0,Healthy,Healthy,0.74,0.0,0.19,0.07
3,3,Excess Oil,Excess Oil,0.005,0.0,0.0,0.995
3,3,Excess Oil,Excess Oil,0.025,0.0,0.02,0.955
1,1,Condenser Fouling,Condenser Fouling,0.22,0.775,0.005,0.0
2,2,Refrigerant Leak,Refrigerant Leak,0.07,0.0,0.925,0.005
3,3,Excess Oil,Excess Oil,0.045,0.0,0.005,0.95
1,1,Condenser Fouling,Condenser Fouling,0.09,0.905,0.0,0.005
0,0,Healthy,Healthy,0.98,0.015,0.005,0.0
2,2,Refrigerant Leak,Refrigerant Leak,0.255,0.085,0.44,0.22
1,1,Condenser Fouling,Condenser Fouling,0.01,0.99,0.0,0.0
2,2,Refrigerant Leak,Refrigerant Leak,0.125,0.0,0.87,0.005
0,0,Healthy,Healthy,0.88,0.005,0.085,0.03
3,3,Excess Oil,Excess Oil,0.0,0.0,0.005,0.995
2,2,Refrigerant Leak,Refrigerant Leak,0.085,0.0,0.915,0.0
2,2,Refrigerant Leak,Refrigerant Leak,0.02,0.0,0.975,0.005
0,0,Healthy,Healthy,0.95,0.035,0.01,0.005
1,1,Condenser Fouling,Condenser Fouling,0.005,0.995,0.0,0.0
3,3,Excess Oil,Excess Oil,0.005,0.0,0.0,0.995
3,3,Excess Oil,Excess Oil,0.0,0.0,0.0,1.0
3,3,Excess Oil,Excess Oil,0.205,0.005,0.17,0.62
2,2,Refrigerant Leak,Refrigerant Leak,0.02,0.0,0.98,0.0
2,2,Refrigerant Leak,Refrigerant Leak,0.11,0.0,0.875,0.015
3,3,Excess Oil,Excess Oil,0.0,0.0,0.0,1.0
3,3,Excess Oil,Excess Oil,0.145,0.0,0.1,0.755
2,2,Refrigerant Leak,Refrigerant Leak,0.0,0.0,1.0,0.0
3,3,Excess Oil,Excess Oil,0.0,0.0,0.005,0.995
0,0,Healthy,Healthy,0.595,0.405,0.0,0.0
0,0,Healthy,Healthy,0.965,0.03,0.0,0.005
2,2,Refrigerant Leak,Refrigerant Leak,0.045,0.0,0.94,0.015
2,2,Refrigerant Leak,Refrigerant Leak,0.0,0.0,1.0,0.0
0,0,Healthy,Healthy,0.865,0.005,0.105,0.025
1,1,Condenser Fouling,Condenser Fouling,0.17,0.83,0.0,0.0
0,0,Healthy,Healthy,0.91,0.085,0.005,0.0
0,0,Healthy,Healthy,0.82,0.0,0.065,0.115
0,0,Healthy,Healthy,0.73,0.0,0.205,0.065
0,0,Healthy,Healthy,0.94,0.005,0.03,0.025
1,1,Condenser Fouling,Condenser Fouling,0.065,0.935,0.0,0.0
1,1,Condenser Fouling,Condenser Fouling,0.04,0.96,0.0,0.0
1,1,Condenser Fouling,Condenser Fouling,0.035,0.965,0.0,0.0
1,1,Condenser Fouling,Condenser Fouling,0.005,0.995,0.0,0.0
0,0,Healthy,Healthy,0.785,0.215,0.0,0.0
1,1,Condenser Fouling,Condenser Fouling,0.305,0.69,0.0,0.005
0,0,Healthy,Healthy,0.8,0.2,0.0,0.0
1,1,Condenser Fouling,Condenser Fouling,0.175,0.825,0.0,0.0
2,2,Refrigerant Leak,Refrigerant Leak,0.075,0.0,0.905,0.02
2,2,Refrigerant Leak,Refrigerant Leak,0.14,0.0,0.855,0.005
3,3,Excess Oil,Excess Oil,0.0,0.0,0.005,0.995
1,1,Condenser Fouling,Condenser Fouling,0.025,0.975,0.0,0.0
2,2,Refrigerant Leak,Refrigerant Leak,0.0,0.0,1.0,0.0
3,3,Excess Oil,Excess Oil,0.0,0.0,0.0,1.0
1,1,Condenser Fouling,Condenser Fouling,0.005,0.995,0.0,0.0
3,3,Excess Oil,Excess Oil,0.005,0.0,0.005,0.99
1,1,Condenser Fouling,Condenser Fouling,0.025,0.975,0.0,0.0
1,1,Condenser Fouling,Condenser Fouling,0.055,0.945,0.0,0.0
2,2,Refrigerant Leak,Refrigerant Leak,0.1,0.0,0.88,0.02
0,0,Healthy,Healthy,0.735,0.255,0.005,0.005
1,1,Condenser Fouling,Condenser Fouling,0.05,0.95,0.0,0.0
0,0,Healthy,Healthy,0.905,0.0,0.09,0.005
3,3,Excess Oil,Excess Oil,0.0,0.0,0.0,1.0
1,1,Condenser Fouling,Condenser Fouling,0.015,0.985,0.0,0.0
0,0,Healthy,Healthy,0.745,0.0,0.255,0.0
0,0,Healthy,Healthy,0.905,0.045,0.025,0.025
2,2,Refrigerant Leak,Refrigerant Leak,0.0,0.0,1.0,0.0
0,0,Healthy,Healthy,0.865,0.135,0.0,0.0
3,3,Excess Oil,Excess Oil,0.0,0.0,0.0,1.0
2,2,Refrigerant Leak,Refrigerant Leak,0.0,0.0,0.99,0.01
3,3,Excess Oil,Excess Oil,0.03,0.0,0.005,0.965
0,0,Healthy,Healthy,0.615,0.38,0.005,0.0
1,1,Condenser Fouling,Condenser Fouling,0.16,0.84,0.0,0.0
0,0,Healthy,Healthy,0.79,0.0,0.115,0.095
2,2,Refrigerant Leak,Refrigerant Leak,0.0,0.0,1.0,0.0
3,3,Excess Oil,Excess Oil,0.005,0.0,0.0,0.995
0,0,Healthy,Healthy,0.64,0.0,0.12,0.24
0,0,Healthy,Healthy,0.965,0.005,0.025,0.005
1,1,Condenser Fouling,Condenser Fouling,0.25,0.745,0.005,0.0
3,3,Excess Oil,Excess Oil,0.0,0.0,0.0,1.0
1,1,Condenser Fouling,Condenser Fouling,0.02,0.98,0.0,0.0
0,0,Healthy,Healthy,0.835,0.15,0.015,0.0
2,2,Refrigerant Leak,Refrigerant Leak,0.0,0.0,1.0,0.0
0,0,Healthy,Healthy,0.7,0.0,0.235,0.065
1,1,Condenser Fouling,Condenser Fouling,0.04,0.96,0.0,0.0
3,3,Excess Oil,Excess Oil,0.0,0.0,0.0,1.0
0,0,Healthy,Healthy,0.82,0.18,0.0,0.0
0,0,Healthy,Healthy,0.815,0.01,0.06,0.115
2,2,Refrigerant Leak,Refrigerant Leak,0.075,0.005,0.915,0.005
0,2,Healthy,Refrigerant Leak,0.305,0.0,0.66,0.035
2,2,Refrigerant Leak,Refrigerant Leak,0.0,0.0,1.0,0.0
2,2,Refrigerant Leak,Refrigerant Leak,0.275,0.0,0.66,0.065
2,2,Refrigerant Leak,Refrigerant Leak,0.0,0.0,1.0,0.0
3,3,Excess Oil,Excess Oil,0.0,0.0,0.0,1.0
2,2,Refrigerant Leak,Refrigerant Leak,0.035,0.0,0.92,0.045
1,1,Condenser Fouling,Condenser Fouling,0.005,0.995,0.0,0.0
0,0,Healthy,Healthy,0.945,0.055,0.0,0.0
1,1,Condenser Fouling,Condenser Fouling,0.035,0.965,0.0,0.0
2,2,Refrigerant Leak,Refrigerant Leak,0.11,0.005,0.87,0.015
3,3,Excess Oil,Excess Oil,0.075,0.0,0.02,0.905
3,3,Excess Oil,Excess Oil,0.005,0.0,0.005,0.99
0,0,Healthy,Healthy,0.855,0.145,0.0,0.0
3,3,Excess Oil,Excess Oil,0.025,0.0,0.01,0.965
3,3,Excess Oil,Excess Oil,0.01,0.0,0.02,0.97
1,1,Condenser Fouling,Condenser Fouling,0.01,0.99,0.0,0.0
1,1,Condenser Fouling,Condenser Fouling,0.02,0.98,0.0,0.0
1,1,Condenser Fouling,Condenser Fouling,0.25,0.745,0.0,0.005
2,2,Refrigerant Leak,Refrigerant Leak,0.125,0.005,0.86,0.01
3,3,Excess Oil,Excess Oil,0.0,0.0,0.0,1.0
1,1,Condenser Fouling,Condenser Fouling,0.005,0.995,0.0,0.0
3,3,Excess Oil,Excess Oil,0.14,0.01,0.11,0.74
0,0,Healthy,Healthy,0.555,0.44,0.005,0.0
1,1,Condenser Fouling,Condenser Fouling,0.14,0.86,0.0,0.0
0,0,Healthy,Healthy,0.845,0.125,0.02,0.01
0,0,Healthy,Healthy,0.97,0.005,0.01,0.015
3,3,Excess Oil,Excess Oil,0.005,0.0,0.005,0.99
3,3,Excess Oil,Excess Oil,0.005,0.0,0.0,0.995
2,2,Refrigerant Leak,Refrigerant Leak,0.075,0.0,0.905,0.02
3,3,Excess Oil,Excess Oil,0.0,0.0,0.0,1.0
0,2,Healthy,Refrigerant Leak,0.405,0.0,0.52,0.075
1,1,Condenser Fouling,Condenser Fouling,0.025,0.975,0.0,0.0
0,0,Healthy,Healthy,0.655,0.345,0.0,0.0
2,2,Refrigerant Leak,Refrigerant Leak,0.315,0.0,0.64,0.045
3,3,Excess Oil,Excess Oil,0.0,0.0,0.0,1.0
0,0,Healthy,Healthy,0.89,0.1,0.005,0.005
3,3,Excess Oil,Excess Oil,0.005,0.0,0.015,0.98
0,0,Healthy,Healthy,0.635,0.015,0.225,0.125
2,2,Refrigerant Leak,Refrigerant Leak,0.155,0.0,0.835,0.01
0,0,Healthy,Healthy,0.87,0.0,0.09,0.04
3,3,Excess Oil,Excess Oil,0.0,0.0,0.0,1.0
2,2,Refrigerant Leak,Refrigerant Leak,0.005,0.0,0.995,0.0
1,1,Condenser Fouling,Condenser Fouling,0.0,1.0,0.0,0.0
2,2,Refrigerant Leak,Refrigerant Leak,0.01,0.0,0.99,0.0
3,3,Excess Oil,Excess Oil,0.0,0.0,0.0,1.0
2,2,Refrigerant Leak,Refrigerant Leak,0.04,0.0,0.955,0.005
2,2,Refrigerant Leak,Refrigerant Leak,0.01,0.0,0.985,0.005
3,3,Excess Oil,Excess Oil,0.02,0.0,0.0,0.98
0,0,Healthy,Healthy,0.69,0.0,0.265,0.045
3,3,Excess Oil,Excess Oil,0.06,0.0,0.055,0.885
1,1,Condenser Fouling,Condenser Fouling,0.055,0.945,0.0,0.0
1,1,Condenser Fouling,Condenser Fouling,0.035,0.965,0.0,0.0
3,3,Excess Oil,Excess Oil,0.015,0.0,0.01,0.975
0,0,Healthy,Healthy,0.945,0.02,0.025,0.01
0,0,Healthy,Healthy,0.765,0.0,0.145,0.09
2,2,Refrigerant Leak,Refrigerant Leak,0.08,0.0,0.91,0.01
0,0,Healthy,Healthy,0.725,0.275,0.0,0.0
2,2,Refrigerant Leak,Refrigerant Leak,0.035,0.0,0.915,0.05
3,3,Excess Oil,Excess Oil,0.0,0.0,0.0,1.0
0,0,Healthy,Healthy,0.845,0.15,0.0,0.005
0,0,Healthy,Healthy,0.7,0.0,0.265,0.035
2,2,Refrigerant Leak,Refrigerant Leak,0.02,0.0,0.98,0.0
3,3,Excess Oil,Excess Oil,0.0,0.0,0.0,1.0
1,1,Condenser Fouling,Condenser Fouling,0.11,0.89,0.0,0.0
2,2,Refrigerant Leak,Refrigerant Leak,0.115,0.04,0.79,0.055
3,3,Excess Oil,Excess Oil,0.01,0.0,0.005,0.985
0,1,Healthy,Condenser Fouling,0.425,0.57,0.005,0.0
1,1,Condenser Fouling,Condenser Fouling,0.045,0.955,0.0,0.0
3,3,Excess Oil,Excess Oil,0.035,0.0,0.03,0.935
0,2,Healthy,Refrigerant Leak,0.225,0.01,0.465,0.3
1,1,Condenser Fouling,Condenser Fouling,0.08,0.92,0.0,0.0
0,0,Healthy,Healthy,0.765,0.0,0.23,0.005
0,0,Healthy,Healthy,0.835,0.165,0.0,0.0
0,0,Healthy,Healthy,0.54,0.45,0.01,0.0
1,1,Condenser Fouling,Condenser Fouling,0.13,0.87,0.0,0.0
2,2,Refrigerant Leak,Refrigerant Leak,0.0,0.0,1.0,0.0
2,2,Refrigerant Leak,Refrigerant Leak,0.1,0.0,0.895,0.005
1,1,Condenser Fouling,Condenser Fouling,0.325,0.675,0.0,0.0
0,0,Healthy,Healthy,0.785,0.0,0.2,0.015
3,3,Excess Oil,Excess Oil,0.0,0.0,0.0,1.0
1,1,Condenser Fouling,Condenser Fouling,0.005,0.99,0.005,0.0
1,1,Condenser Fouling,Condenser Fouling,0.025,0.975,0.0,0.0
1,1,Condenser Fouling,Condenser Fouling,0.005,0.995,0.0,0.0
2,2,Refrigerant Leak,Refrigerant Leak,0.075,0.005,0.915,0.005
0,0,Healthy,Healthy,0.96,0.03,0.0,0.01
0,0,Healthy,Healthy,0.755,0.245,0.0,0.0
2,2,Refrigerant Leak,Refrigerant Leak,0.04,0.0,0.95,0.01
2,2,Refrigerant Leak,Refrigerant Leak,0.02,0.0,0.945,0.035
3,3,Excess Oil,Excess Oil,0.005,0.0,0.0,0.995
3,3,Excess Oil,Excess Oil,0.0,0.0,0.0,1.0
0,0,Healthy,Healthy,0.845,0.01,0.115,0.03
2,2,Refrigerant Leak,Refrigerant Leak,0.01,0.0,0.985,0.005
3,3,Excess Oil,Excess Oil,0.01,0.0,0.01,0.98
1,1,Condenser Fouling,Condenser Fouling,0.275,0.725,0.0,0.0
0,0,Healthy,Healthy,0.635,0.01,0.125,0.23
0,0,Healthy,Healthy,0.835,0.165,0.0,0.0
2,2,Refrigerant Leak,Refrigerant Leak,0.05,0.01,0.93,0.01
0,0,Healthy,Healthy,0.625,0.015,0.33,0.03
3,3,Excess Oil,Excess Oil,0.0,0.0,0.0,1.0
0,0,Healthy,Healthy,0.93,0.005,0.055,0.01
2,2,Refrigerant Leak,Refrigerant Leak,0.195,0.015,0.745,0.045
2,2,Refrigerant Leak,Refrigerant Leak,0.015,0.0,0.98,0.005
0,2,Healthy,Refrigerant Leak,0.33,0.0,0.605,0.065
3,3,Excess Oil,Excess Oil,0.0,0.0,0.0,1.0
2,2,Refrigerant Leak,Refrigerant Leak,0.2,0.0,0.79,0.01
0,0,Healthy,Healthy,0.99,0.01,0.0,0.0
0,1,Healthy,Condenser Fouling,0.22,0.78,0.0,0.0
0,0,Healthy,Healthy,0.665,0.335,0.0,0.0
0,0,Healthy,Healthy,0.89,0.105,0.005,0.0
0,0,Healthy,Healthy,0.98,0.005,0.01,0.005
1,1,Condenser Fouling,Condenser Fouling,0.005,0.995,0.0,0.0
3,3,Excess Oil,Excess Oil,0.01,0.0,0.015,0.975
0,0,Healthy,Healthy,0.985,0.01,0.0,0.005
2,2,Refrigerant Leak,Refrigerant Leak,0.105,0.0,0.88,0.015
0,0,Healthy,Healthy,0.69,0.015,0.25,0.045
2,2,Refrigerant Leak,Refrigerant Leak,0.07,0.0,0.905,0.025
2,2,Refrigerant Leak,Refrigerant Leak,0.03,0.0,0.955,0.015
1,1,Condenser Fouling,Condenser Fouling,0.16,0.84,0.0,0.0
3,3,Excess Oil,Excess Oil,0.0,0.0,0.0,1.0
0,0,Healthy,Healthy,0.79,0.0,0.12,0.09
0,0,Healthy,Healthy,0.55,0.44,0.005,0.005
1,1,Condenser Fouling,Condenser Fouling,0.39,0.605,0.005,0.0
2,2,Refrigerant Leak,Refrigerant Leak,0.005,0.0,0.995,0.0
0,0,Healthy,Healthy,0.93,0.0,0.055,0.015
1,1,Condenser Fouling,Condenser Fouling,0.1,0.9,0.0,0.0
2,2,Refrigerant Leak,Refrigerant Leak,0.1,0.0,0.9,0.0
2,2,Refrigerant Leak,Refrigerant Leak,0.02,0.0,0.965,0.015
0,0,Healthy,Healthy,0.96,0.03,0.005,0.005
0,0,Healthy,Healthy,0.875,0.125,0.0,0.0
1,1,Condenser Fouling,Condenser Fouling,0.15,0.85,0.0,0.0
1,1,Condenser Fouling,Condenser Fouling,0.33,0.67,0.0,0.0
2,2,Refrigerant Leak,Refrigerant Leak,0.16,0.0,0.825,0.015
0,0,Healthy,Healthy,0.93,0.07,0.0,0.0
3,3,Excess Oil,Excess Oil,0.0,0.0,0.0,1.0
2,2,Refrigerant Leak,Refrigerant Leak,0.105,0.0,0.87,0.025
1,1,Condenser Fouling,Condenser Fouling,0.225,0.775,0.0,0.0
3,3,Excess Oil,Excess Oil,0.0,0.0,0.015,0.985
2,2,Refrigerant Leak,Refrigerant Leak,0.155,0.005,0.805,0.035
2,2,Refrigerant Leak,Refrigerant Leak,0.07,0.01,0.88,0.04
1,1,Condenser Fouling,Condenser Fouling,0.105,0.895,0.0,0.0
0,0,Healthy,Healthy,0.395,0.055,0.28,0.27
0,0,Healthy,Healthy,0.875,0.0,0.07,0.055
3,3,Excess Oil,Excess Oil,0.005,0.0,0.025,0.97
1,1,Condenser Fouling,Condenser Fouling,0.215,0.775,0.01,0.0
3,3,Excess Oil,Excess Oil,0.005,0.0,0.0,0.995
0,0,Healthy,Healthy,0.7,0.01,0.25,0.04
3,3,Excess Oil,Excess Oil,0.005,0.0,0.0,0.995
0,0,Healthy,Healthy,0.705,0.29,0.005,0.0
2,2,Refrigerant Leak,Refrigerant Leak,0.0,0.0,1.0,0.0
1,1,Condenser Fouling,Condenser Fouling,0.105,0.895,0.0,0.0
2,2,Refrigerant Leak,Refrigerant Leak,0.105,0.0,0.87,0.025
3,3,Excess Oil,Excess Oil,0.035,0.01,0.005,0.95
0,0,Healthy,Healthy,0.655,0.0,0.33,0.015
0,0,Healthy,Healthy,0.855,0.0,0.135,0.01
1,1,Condenser Fouling,Condenser Fouling,0.215,0.785,0.0,0.0
3,3,Excess Oil,Excess Oil,0.005,0.0,0.0,0.995
1,1,Condenser Fouling,Condenser Fouling,0.235,0.765,0.0,0.0
3,3,Excess Oil,Excess Oil,0.125,0.0,0.02,0.855
3,3,Excess Oil,Excess Oil,0.0,0.0,0.0,1.0
3,3,Excess Oil,Excess Oil,0.0,0.0,0.0,1.0
0,0,Healthy,Healthy,0.5,0.005,0.455,0.04
2,2,Refrigerant Leak,Refrigerant Leak,0.195,0.0,0.75,0.055
3,3,Excess Oil,Excess Oil,0.075,0.0,0.005,0.92
0,0,Healthy,Healthy,0.895,0.01,0.055,0.04
3,3,Excess Oil,Excess Oil,0.0,0.0,0.0,1.0
1,1,Condenser Fouling,Condenser Fouling,0.045,0.955,0.0,0.0
2,2,Refrigerant Leak,Refrigerant Leak,0.04,0.0,0.94,0.02
1,1,Condenser Fouling,Condenser Fouling,0.06,0.94,0.0,0.0
3,3,Excess Oil,Excess Oil,0.0,0.0,0.0,1.0
0,0,Healthy,Healthy,0.75,0.25,0.0,0.0
0,0,Healthy,Healthy,0.91,0.09,0.0,0.0
2,2,Refrigerant Leak,Refrigerant Leak,0.01,0.0,0.99,0.0
1,1,Condenser Fouling,Condenser Fouling,0.205,0.79,0.005,0.0
1,1,Condenser Fouling,Condenser Fouling,0.005,0.995,0.0,0.0
0,1,Healthy,Condenser Fouling,0.45,0.54,0.01,0.0
2,2,Refrigerant Leak,Refrigerant Leak,0.155,0.0,0.825,0.02
1,1,Condenser Fouling,Condenser Fouling,0.42,0.56,0.01,0.01
0,0,Healthy,Healthy,0.885,0.0,0.11,0.005
0,0,Healthy,Healthy,0.665,0.0,0.29,0.045
0,0,Healthy,Healthy,0.84,0.005,0.1,0.055
2,2,Refrigerant Leak,Refrigerant Leak,0.05,0.0,0.95,0.0
3,3,Excess Oil,Excess Oil,0.005,0.0,0.015,0.98
2,2,Refrigerant Leak,Refrigerant Leak,0.045,0.0,0.935,0.02
3,3,Excess Oil,Excess Oil,0.0,0.0,0.005,0.995
1,1,Condenser Fouling,Condenser Fouling,0.165,0.835,0.0,0.0
3,3,Excess Oil,Excess Oil,0.015,0.0,0.005,0.98
2,2,Refrigerant Leak,Refrigerant Leak,0.0,0.0,1.0,0.0
0,0,Healthy,Healthy,0.65,0.34,0.01,0.0
2,2,Refrigerant Leak,Refrigerant Leak,0.095,0.0,0.895,0.01
3,3,Excess Oil,Excess Oil,0.03,0.0,0.015,0.955
3,3,Excess Oil,Excess Oil,0.0,0.0,0.0,1.0
0,0,Healthy,Healthy,0.71,0.005,0.24,0.045
0,0,Healthy,Healthy,0.795,0.0,0.17,0.035
0,2,Healthy,Refrigerant Leak,0.26,0.185,0.5,0.055
2,2,Refrigerant Leak,Refrigerant Leak,0.065,0.0,0.93,0.005
1,1,Condenser Fouling,Condenser Fouling,0.015,0.985,0.0,0.0
3,3,Excess Oil,Excess Oil,0.0,0.0,0.0,1.0
1,1,Condenser Fouling,Condenser Fouling,0.01,0.99,0.0,0.0
2,2,Refrigerant Leak,Refrigerant Leak,0.19,0.0,0.77,0.04
3,3,Excess Oil,Excess Oil,0.12,0.005,0.135,0.74
0,0,Healthy,Healthy,0.975,0.005,0.02,0.0
0,0,Healthy,Healthy,0.975,0.005,0.01,0.01
3,3,Excess Oil,Excess Oil,0.015,0.0,0.01,0.975
1,1,Condenser Fouling,Condenser Fouling,0.255,0.745,0.0,0.0
3,3,Excess Oil,Excess Oil,0.005,0.005,0.005,0.985
1,1,Condenser Fouling,Condenser Fouling,0.195,0.805,0.0,0.0
1,1,Condenser Fouling,Condenser Fouling,0.0,1.0,0.0,0.0
2,2,Refrigerant Leak,Refrigerant Leak,0.185,0.0,0.775,0.04
0,0,Healthy,Healthy,0.985,0.01,0.005,0.0
1,1,Condenser Fouling,Condenser Fouling,0.095,0.905,0.0,0.0
3,3,Excess Oil,Excess Oil,0.0,0.0,0.0,1.0
1,1,Condenser Fouling,Condenser Fouling,0.035,0.965,0.0,0.0
2,2,Refrigerant Leak,Refrigerant Leak,0.17,0.005,0.795,0.03
3,3,Excess Oil,Excess Oil,0.0,0.0,0.0,1.0
3,3,Excess Oil,Excess Oil,0.11,0.005,0.085,0.8
1,1,Condenser Fouling,Condenser Fouling,0.02,0.98,0.0,0.0
1,1,Condenser Fouling,Condenser Fouling,0.01,0.99,0.0,0.0
2,2,Refrigerant Leak,Refrigerant Leak,0.02,0.0,0.98,0.0
2,2,Refrigerant Leak,Refrigerant Leak,0.025,0.0,0.96,0.015
3,3,Excess Oil,Excess Oil,0.0,0.0,0.0,1.0
3,3,Excess Oil,Excess Oil,0.0,0.0,0.0,1.0
1,1,Condenser Fouling,Condenser Fouling,0.005,0.995,0.0,0.0
2,2,Refrigerant Leak,Refrigerant Leak,0.095,0.0,0.885,0.02
3,3,Excess Oil,Excess Oil,0.005,0.0,0.005,0.99
0,0,Healthy,Healthy,0.9,0.04,0.055,0.005
3,3,Excess Oil,Excess Oil,0.0,0.0,0.005,0.995
3,3,Excess Oil,Excess Oil,0.005,0.0,0.0,0.995
3,3,Excess Oil,Excess Oil,0.22,0.0,0.16,0.62
2,2,Refrigerant Leak,Refrigerant Leak,0.04,0.0,0.96,0.0
1,1,Condenser Fouling,Condenser Fouling,0.065,0.935,0.0,0.0
0,0,Healthy,Healthy,0.905,0.09,0.005,0.0
2,2,Refrigerant Leak,Refrigerant Leak,0.13,0.0,0.8,0.07
2,2,Refrigerant Leak,Refrigerant Leak,0.055,0.0,0.94,0.005
3,3,Excess Oil,Excess Oil,0.065,0.0,0.04,0.895
3,3,Excess Oil,Excess Oil,0.01,0.0,0.0,0.99
0,0,Healthy,Healthy,0.745,0.0,0.245,0.01
2,2,Refrigerant Leak,Refrigerant Leak,0.005,0.0,0.985,0.01
1,1,Condenser Fouling,Condenser Fouling,0.01,0.99,0.0,0.0
2,2,Refrigerant Leak,Refrigerant Leak,0.08,0.0,0.885,0.035
1,1,Condenser Fouling,Condenser Fouling,0.32,0.495,0.095,0.09
0,1,Healthy,Condenser Fouling,0.295,0.705,0.0,0.0
2,2,Refrigerant Leak,Refrigerant Leak,0.025,0.0,0.975,0.0
0,0,Healthy,Healthy,0.85,0.0,0.125,0.025
2,2,Refrigerant Leak,Refrigerant Leak,0.07,0.0,0.925,0.005
2,2,Refrigerant Leak,Refrigerant Leak,0.01,0.0,0.99,0.0
0,0,Healthy,Healthy,0.805,0.195,0.0,0.0
1,1,Condenser Fouling,Condenser Fouling,0.08,0.92,0.0,0.0
0,0,Healthy,Healthy,0.905,0.005,0.045,0.045
1,1,Condenser Fouling,Condenser Fouling,0.045,0.955,0.0,0.0
2,2,Refrigerant Leak,Refrigerant Leak,0.0,0.0,1.0,0.0
3,3,Excess Oil,Excess Oil,0.0,0.0,0.0,1.0
3,3,Excess Oil,Excess Oil,0.09,0.005,0.045,0.86
2,2,Refrigerant Leak,Refrigerant Leak,0.08,0.0,0.915,0.005
1,1,Condenser Fouling,Condenser Fouling,0.005,0.995,0.0,0.0
3,3,Excess Oil,Excess Oil,0.005,0.0,0.0,0.995
0,0,Healthy,Healthy,0.395,0.17,0.365,0.07
3,3,Excess Oil,Excess Oil,0.005,0.0,0.0,0.995
1,1,Condenser Fouling,Condenser Fouling,0.145,0.855,0.0,0.0
0,0,Healthy,Healthy,0.88,0.095,0.025,0.0
0,0,Healthy,Healthy,0.67,0.0,0.06,0.27
2,2,Refrigerant Leak,Refrigerant Leak,0.075,0.0,0.92,0.005
3,3,Excess Oil,Excess Oil,0.015,0.0,0.0,0.985
2,2,Refrigerant Leak,Refrigerant Leak,0.02,0.0,0.965,0.015
1,1,Condenser Fouling,Condenser Fouling,0.03,0.97,0.0,0.0
3,3,Excess Oil,Excess Oil,0.0,0.0,0.0,1.0
0,0,Healthy,Healthy,0.735,0.265,0.0,0.0
0,0,Healthy,Healthy,0.935,0.0,0.06,0.005
0,0,Healthy,Healthy,0.95,0.0,0.035,0.015
2,2,Refrigerant Leak,Refrigerant Leak,0.005,0.0,0.99,0.005
0,0,Healthy,Healthy,0.89,0.0,0.03,0.08
0,0,Healthy,Healthy,0.925,0.0,0.07,0.005
3,3,Excess Oil,Excess Oil,0.0,0.0,0.0,1.0
3,3,Excess Oil,Excess Oil,0.0,0.0,0.0,1.0
0,0,Healthy,Healthy,0.84,0.16,0.0,0.0
3,3,Excess Oil,Excess Oil,0.0,0.0,0.0,1.0
3,3,Excess Oil,Excess Oil,0.125,0.0,0.02,0.855
2,2,Refrigerant Leak,Refrigerant Leak,0.06,0.0,0.935,0.005
1,1,Condenser Fouling,Condenser Fouling,0.03,0.97,0.0,0.0
1,1,Condenser Fouling,Condenser Fouling,0.195,0.805,0.0,0.0
1,1,Condenser Fouling,Condenser Fouling,0.04,0.96,0.0,0.0
2,2,Refrigerant Leak,Refrigerant Leak,0.09,0.0,0.91,0.0
0,0,Healthy,Healthy,0.895,0.0,0.09,0.015
3,3,Excess Oil,Excess Oil,0.12,0.0,0.04,0.84
2,2,Refrigerant Leak,Refrigerant Leak,0.015,0.005,0.975,0.005
3,3,Excess Oil,Excess Oil,0.005,0.0,0.005,0.99
2,2,Refrigerant Leak,Refrigerant Leak,0.055,0.0,0.94,0.005
2,2,Refrigerant Leak,Refrigerant Leak,0.04,0.0,0.96,0.0
2,2,Refrigerant Leak,Refrigerant Leak,0.0,0.0,1.0,0.0
1,1,Condenser Fouling,Condenser Fouling,0.005,0.995,0.0,0.0
2,2,Refrigerant Leak,Refrigerant Leak,0.265,0.005,0.705,0.025
0,0,Healthy,Healthy,0.83,0.005,0.155,0.01
0,0,Healthy,Healthy,0.86,0.0,0.035,0.105
0,0,Healthy,Healthy,0.875,0.005,0.065,0.055
0,0,Healthy,Healthy,0.905,0.0,0.08,0.015
0,0,Healthy,Healthy,0.705,0.005,0.12,0.17
3,3,Excess Oil,Excess Oil,0.07,0.0,0.09,0.84
2,2,Refrigerant Leak,Refrigerant Leak,0.0,0.0,1.0,0.0
2,2,Refrigerant Leak,Refrigerant Leak,0.115,0.0,0.85,0.035
1,1,Condenser Fouling,Condenser Fouling,0.035,0.965,0.0,0.0
1,1,Condenser Fouling,Condenser Fouling,0.02,0.98,0.0,0.0
2,2,Refrigerant Leak,Refrigerant Leak,0.145,0.0,0.845,0.01
3,3,Excess Oil,Excess Oil,0.215,0.0,0.16,0.625
0,0,Healthy,Healthy,0.87,0.125,0.005,0.0
0,0,Healthy,Healthy,0.975,0.025,0.0,0.0
0,0,Healthy,Healthy,0.97,0.02,0.005,0.005
2,2,Refrigerant Leak,Refrigerant Leak,0.14,0.02,0.825,0.015
1,1,Condenser Fouling,Condenser Fouling,0.015,0.985,0.0,0.0
3,3,Excess Oil,Excess Oil,0.0,0.0,0.0,1.0
3,3,Excess Oil,Excess Oil,0.03,0.0,0.025,0.945
1,1,Condenser Fouling,Condenser Fouling,0.03,0.97,0.0,0.0
0,0,Healthy,Healthy,0.945,0.005,0.04,0.01
2,2,Refrigerant Leak,Refrigerant Leak,0.06,0.0,0.93,0.01
1,1,Condenser Fouling,Condenser Fouling,0.0,1.0,0.0,0.0
2,2,Refrigerant Leak,Refrigerant Leak,0.05,0.0,0.94,0.01
3,0,Excess Oil,Healthy,0.53,0.0,0.13,0.34
2,2,Refrigerant Leak,Refrigerant Leak,0.04,0.0,0.955,0.005
1,1,Condenser Fouling,Condenser Fouling,0.005,0.995,0.0,0.0
0,0,Healthy,Healthy,0.65,0.35,0.0,0.0
1,1,Condenser Fouling,Condenser Fouling,0.07,0.93,0.0,0.0
0,0,Healthy,Healthy,0.93,0.005,0.025,0.04
0,0,Healthy,Healthy,0.615,0.005,0.38,0.0
0,1,Healthy,Condenser Fouling,0.315,0.685,0.0,0.0
1,1,Condenser Fouling,Condenser Fouling,0.015,0.985,0.0,0.0
0,0,Healthy,Healthy,0.98,0.02,0.0,0.0
0,0,Healthy,Healthy,0.93,0.0,0.05,0.02
1,1,Condenser Fouling,Condenser Fouling,0.09,0.91,0.0,0.0
1,1,Condenser Fouling,Condenser Fouling,0.3,0.7,0.0,0.0
0,0,Healthy,Healthy,0.94,0.025,0.035,0.0
3,3,Excess Oil,Excess Oil,0.025,0.0,0.005,0.97
2,2,Refrigerant Leak,Refrigerant Leak,0.0,0.0,1.0,0.0
0,0,Healthy,Healthy,0.925,0.005,0.06,0.01
3,3,Excess Oil,Excess Oil,0.005,0.0,0.0,0.995
3,3,Excess Oil,Excess Oil,0.0,0.0,0.0,1.0
2,2,Refrigerant Leak,Refrigerant Leak,0.155,0.0,0.82,0.025
3,3,Excess Oil,Excess Oil,0.005,0.0,0.0,0.995
1,1,Condenser Fouling,Condenser Fouling,0.04,0.96,0.0,0.0
2,2,Refrigerant Leak,Refrigerant Leak,0.08,0.0,0.92,0.0
2,2,Refrigerant Leak,Refrigerant Leak,0.135,0.005,0.85,0.01
1,1,Condenser Fouling,Condenser Fouling,0.125,0.875,0.0,0.0
0,0,Healthy,Healthy,0.645,0.0,0.315,0.04
3,3,Excess Oil,Excess Oil,0.0,0.0,0.0,1.0
0,0,Healthy,Healthy,0.645,0.355,0.0,0.0
1,1,Condenser Fouling,Condenser Fouling,0.07,0.93,0.0,0.0
1,1,Condenser Fouling,Condenser Fouling,0.02,0.98,0.0,0.0
3,3,Excess Oil,Excess Oil,0.01,0.0,0.005,0.985
3,3,Excess Oil,Excess Oil,0.065,0.005,0.03,0.9
1,1,Condenser Fouling,Condenser Fouling,0.005,0.995,0.0,0.0
3,3,Excess Oil,Excess Oil,0.0,0.0,0.0,1.0
1,1,Condenser Fouling,Condenser Fouling,0.155,0.845,0.0,0.0
3,3,Excess Oil,Excess Oil,0.225,0.005,0.205,0.565
0,0,Healthy,Healthy,0.875,0.0,0.115,0.01
2,2,Refrigerant Leak,Refrigerant Leak,0.235,0.0,0.725,0.04
2,2,Refrigerant Leak,Refrigerant Leak,0.18,0.0,0.8,0.02
0,0,Healthy,Healthy,0.76,0.005,0.125,0.11
2,2,Refrigerant Leak,Refrigerant Leak,0.005,0.0,0.985,0.01
2,2,Refrigerant Leak,Refrigerant Leak,0.135,0.0,0.865,0.0
0,2,Healthy,Refrigerant Leak,0.34,0.0,0.515,0.145
2,2,Refrigerant Leak,Refrigerant Leak,0.005,0.0,0.995,0.0
0,0,Healthy,Healthy,0.97,0.0,0.03,0.0
0,0,Healthy,Healthy,0.865,0.135,0.0,0.0
1,1,Condenser Fouling,Condenser Fouling,0.095,0.905,0.0,0.0
0,0,Healthy,Healthy,0.8,0.185,0.015,0.0
1,1,Condenser Fouling,Condenser Fouling,0.015,0.98,0.0,0.005
0,3,Healthy,Excess Oil,0.35,0.02,0.2,0.43
2,2,Refrigerant Leak,Refrigerant Leak,0.22,0.01,0.73,0.04
0,0,Healthy,Healthy,0.945,0.005,0.05,0.0
2,2,Refrigerant Leak,Refrigerant Leak,0.0,0.0,1.0,0.0
3,3,Excess Oil,Excess Oil,0.005,0.0,0.005,0.99
0,0,Healthy,Healthy,0.545,0.195,0.18,0.08
0,0,Healthy,Healthy,0.585,0.165,0.19,0.06
0,0,Healthy,Healthy,0.855,0.0,0.045,0.1
3,3,Excess Oil,Excess Oil,0.0,0.0,0.005,0.995
3,3,Excess Oil,Excess Oil,0.01,0.0,0.015,0.975
3,3,Excess Oil,Excess Oil,0.19,0.0,0.035,0.775
1,1,Condenser Fouling,Condenser Fouling,0.11,0.89,0.0,0.0
0,0,Healthy,Healthy,0.81,0.0,0.05,0.14
1,1,Condenser Fouling,Condenser Fouling,0.0,1.0,0.0,0.0
2,2,Refrigerant Leak,Refrigerant Leak,0.075,0.0,0.905,0.02
0,0,Healthy,Healthy,0.965,0.005,0.025,0.005
2,2,Refrigerant Leak,Refrigerant Leak,0.03,0.0,0.96,0.01
3,3,Excess Oil,Excess Oil,0.0,0.0,0.0,1.0
2,2,Refrigerant Leak,Refrigerant Leak,0.26,0.0,0.715,0.025
3,3,Excess Oil,Excess Oil,0.005,0.0,0.0,0.995
3,3,Excess Oil,Excess Oil,0.01,0.0,0.005,0.985
3,3,Excess Oil,Excess Oil,0.145,0.0,0.05,0.805
1,1,Condenser Fouling,Condenser Fouling,0.0,1.0,0.0,0.0
3,3,Excess Oil,Excess Oil,0.005,0.0,0.0,0.995
1,1,Condenser Fouling,Condenser Fouling,0.2,0.8,0.0,0.0
0,0,Healthy,Healthy,0.605,0.005,0.35,0.04
3,3,Excess Oil,Excess Oil,0.04,0.0,0.02,0.94
2,2,Refrigerant Leak,Refrigerant Leak,0.26,0.0,0.675,0.065
0,0,Healthy,Healthy,0.81,0.0,0.16,0.03
1,1,Condenser Fouling,Condenser Fouling,0.045,0.955,0.0,0.0
3,3,Excess Oil,Excess Oil,0.0,0.0,0.0,1.0
1,1,Condenser Fouling,Condenser Fouling,0.225,0.775,0.0,0.0
3,3,Excess Oil,Excess Oil,0.0,0.0,0.0,1.0
3,3,Excess Oil,Excess Oil,0.005,0.0,0.0,0.995
0,0,Healthy,Healthy,0.74,0.025,0.155,0.08
1,1,Condenser Fouling,Condenser Fouling,0.03,0.97,0.0,0.0
0,0,Healthy,Healthy,0.85,0.15,0.0,0.0
3,3,Excess Oil,Excess Oil,0.08,0.0,0.045,0.875
0,0,Healthy,Healthy,0.87,0.13,0.0,0.0
3,3,Excess Oil,Excess Oil,0.0,0.0,0.0,1.0
0,0,Healthy,Healthy,0.685,0.01,0.1,0.205
1,1,Condenser Fouling,Condenser Fouling,0.06,0.94,0.0,0.0
1,1,Condenser Fouling,Condenser Fouling,0.03,0.97,0.0,0.0
1,1,Condenser Fouling,Condenser Fouling,0.04,0.96,0.0,0.0
0,0,Healthy,Healthy,0.88,0.12,0.0,0.0
1,1,Condenser Fouling,Condenser Fouling,0.035,0.965,0.0,0.0
1,1,Condenser Fouling,Condenser Fouling,0.0,1.0,0.0,0.0
2,2,Refrigerant Leak,Refrigerant Leak,0.005,0.0,0.995,0.0
0,0,Healthy,Healthy,0.84,0.13,0.005,0.025
1,1,Condenser Fouling,Condenser Fouling,0.125,0.875,0.0,0.0
2,2,Refrigerant Leak,Refrigerant Leak,0.005,0.0,0.995,0.0
0,0,Healthy,Healthy,0.945,0.0,0.035,0.02
3,3,Excess Oil,Excess Oil,0.02,0.0,0.005,0.975
3,3,Excess Oil,Excess Oil,0.02,0.0,0.03,0.95
3,3,Excess Oil,Excess Oil,0.0,0.0,0.0,1.0
0,0,Healthy,Healthy,0.94,0.0,0.03,0.03
1,1,Condenser Fouling,Condenser Fouling,0.025,0.975,0.0,0.0
3,3,Excess Oil,Excess Oil,0.0,0.0,0.0,1.0
1,1,Condenser Fouling,Condenser Fouling,0.005,0.995,0.0,0.0
1,1,Condenser Fouling,Condenser Fouling,0.015,0.985,0.0,0.0
0,1,Healthy,Condenser Fouling,0.195,0.805,0.0,0.0
1,1,Condenser Fouling,Condenser Fouling,0.245,0.625,0.105,0.025
0,0,Healthy,Healthy,0.685,0.005,0.29,0.02
1,1,Condenser Fouling,Condenser Fouling,0.375,0.625,0.0,0.0
2,2,Refrigerant Leak,Refrigerant Leak,0.0,0.0,0.995,0.005
3,3,Excess Oil,Excess Oil,0.0,0.0,0.005,0.995
1,1,Condenser Fouling,Condenser Fouling,0.02,0.975,0.0,0.005
0,1,Healthy,Condenser Fouling,0.405,0.59,0.0,0.005
3,3,Excess Oil,Excess Oil,0.005,0.0,0.0,0.995
0,0,Healthy,Healthy,0.515,0.0,0.46,0.025
2,2,Refrigerant Leak,Refrigerant Leak,0.015,0.0,0.975,0.01
3,3,Excess Oil,Excess Oil,0.3,0.0,0.1,0.6
2,2,Refrigerant Leak,Refrigerant Leak,0.045,0.0,0.945,0.01
2,2,Refrigerant Leak,Refrigerant Leak,0.045,0.0,0.925,0.03
0,0,Healthy,Healthy,0.865,0.135,0.0,0.0
2,2,Refrigerant Leak,Refrigerant Leak,0.035,0.0,0.95,0.015
1,1,Condenser Fouling,Condenser Fouling,0.015,0.985,0.0,0.0
1,0,Condenser Fouling,Healthy,0.455,0.44,0.09,0.015
3,3,Excess Oil,Excess Oil,0.025,0.0,0.005,0.97
0,0,Healthy,Healthy,0.975,0.0,0.02,0.005
0,0,Healthy,Healthy,0.83,0.0,0.155,0.015
2,2,Refrigerant Leak,Refrigerant Leak,0.04,0.0,0.96,0.0
2,2,Refrigerant Leak,Refrigerant Leak,0.0,0.0,1.0,0.0
3,3,Excess Oil,Excess Oil,0.115,0.0,0.015,0.87
0,0,Healthy,Healthy,0.92,0.0,0.07,0.01
3,3,Excess Oil,Excess Oil,0.0,0.0,0.0,1.0
